X;13;13,1;13,2;13,3;13,4;13,5;13,6;13,7;13,8;13,9;14;14,1;14,2;14,3;14,4;14,5;14,6;14,7;14,8;14,9;15;15,1;15,2;15,3;15,4;15,5;15,6;15,7;15,8;15,9;16;16,1;16,2;16,3;16,4;16,5;16,6;16,7;16,8;16,9;17;17,1;17,2;17,3;17,4;17,5;17,6;17,7;17,8;17,9;18;18,1;18,2;18,3;18,4;18,5;18,6;18,7;18,8;18,9;19;19,1;19,2;19,3;19,4;19,5;19,6;19,7;19,8;19,9;20;20,1;20,2;20,3;20,4;20,5;20,6;20,7;20,8;20,9;21;21,1;21,2;21,3;21,4;21,5;21,6;21,7;21,8;21,9;22;22,1;22,2;22,3;22,4;22,5;22,6;22,7;22,8;22,9;23
0;95,4;92,83;90,3;87,81;85,36;82,96;80,6;78,29;76,01;73,78;71,6;69,45;67,35;65,29;63,27;61,3;59,37;57,48;55,64;53,84;52,08;50,37;48,7;47,07;45,48;43,94;42,44;40,98;39,57;38,2;36,87;35,58;34,34;33,14;31,98;30,87;29,8;28,77;27,78;26,84;25,94;25,09;24,28;23,51;22,78;22,09;21,45;20,85;20,3;19,79;19,32;18,89;18,51;18,17;17,87;17,62;17,4;17,24;17,11;17,03;16,99;16,99;17,04;17,13;17,26;17,43;17,65;17,91;18,22;18,56;18,95;19,38;19,86;20,38;20,94;21,54;22,19;22,88;23,62;24,39;25,21;26,07;26,98;27,93;28,92;29,95;31,03;32,15;33,31;34,52;35,77;37,06;38,39;39,77;41,19;42,66;44,16;45,71;47,3;48,94;50,62
1;103,86;100,26;97,55;94,87;92,29;89,75;88,02;86,4;84,35;82,12;79,6;76,66;73,66;72,04;70,52;69,04;66,4;63,93;62,15;60,9;58,87;56,99;55,54;54,01;52,18;50,68;48,51;46,7;45,22;44,21;42,85;41,8;40,92;39,83;38,31;36,9;35,46;34,55;33,65;32,96;31,7;30,69;30,71;29,81;28,52;27,82;27,78;27,28;26,08;25,28;25,38;24,78;23,93;23,49;23,49;23,06;22,58;22,71;22,29;21,91;22,32;22,07;21,84;22,39;23,16;23,63;22,49;22,22;22,96;23,78;24,68;24,46;24,93;25,73;26,24;26,67;27,54;28,23;27,94;28,01;29,85;31,2;31,27;32,5;34,24;34,53;35,42;37,06;37,43;39,09;40,45;41,12;42,96;44,44;46,27;47,13;48,02;50,18;51,41;52,63;55,13
2;112,19;107,9;105,05;102,24;99,56;96,92;95,56;94,38;92,48;90,22;87,46;84;80,4;79,04;77,82;76,65;73,53;70,68;68,93;68,03;65,81;63,8;62,47;60,99;58,99;57,51;54,89;52,84;51,32;50,53;49,13;48,21;47,56;46,54;44,78;43,15;41,46;40,61;39,76;39,22;37,7;36,58;37,14;36,14;34,48;33,76;34,1;33,65;32,01;31,02;31,5;30,76;29,59;29,07;29,25;28,71;28,04;28,34;27,73;27,15;27,83;27,41;27;27,85;29;29,64;27,61;27;27,99;29,11;30,35;29,71;30,16;31,13;31,58;31,89;32,88;33,55;32,57;32,18;34,71;36,38;35,88;37,27;39,49;39,29;40,02;41,99;41,85;43,76;45,17;45,43;47,58;49,12;51,2;51,64;52,11;54,66;55,63;56,56;59,56
3;120,38;115,7;112,76;109,85;107,11;104,4;103,22;102,25;100,4;98,1;95,2;91,44;87,49;86,25;85,17;84,14;80,76;77,68;75,94;75,2;72,86;70,77;69,49;68,01;65,9;64,4;61,53;59,35;57,78;57,1;55,66;54,79;54,25;53,26;51,35;49,59;47,76;46,92;46,08;45,59;43,92;42,74;43,57;42,49;40,64;39,89;40,4;39,96;38,07;36,98;37,65;36,82;35,46;34,89;35,13;34,54;33,74;34,11;33,4;32,69;33,5;32,98;32,48;33,46;34,79;35,51;32,98;32,17;33,26;34,53;35,97;35,11;35,53;36,57;36,97;37,19;38,21;38,84;37,45;36,83;39,76;41,58;40,77;42,21;44,67;44,19;44,81;46,93;46,51;48,51;49,94;49,96;52,24;53,8;55,98;56,18;56,39;59,12;59,93;60,68;63,92
4;128,48;123,65;120,65;117,69;114,9;112,13;110,97;110,02;108,15;105,8;102,83;98,97;94,88;93,64;92,56;91,53;88,05;84,91;83,14;82,4;80;77,87;76,57;75,05;72,89;71,36;68,4;66,15;64,56;63,88;62,4;61,52;60,98;59,97;58;56,19;54,29;53,43;52,56;52,07;50,33;49,11;49,99;48,86;46,95;46,17;46,7;46,24;44,26;43,12;43,82;42,94;41,51;40,9;41,14;40,51;39,65;40,01;39,26;38,49;39,31;38,75;38,21;39,2;40,55;41,25;38,57;37,68;38,74;40,03;41,56;40,62;41,01;42,05;42,38;42,55;43,53;44,1;42,55;41,88;44,97;46,82;45,88;47,3;49,79;49,21;49,75;51,87;51,36;53,35;54,73;54,66;56,93;58,46;60,63;60,72;60,84;63,56;64,3;64,96;68,21
5;136,48;131,72;128,68;125,68;122,86;120,06;118,77;117,7;115,75;113,34;110,36;106,55;102,51;101,16;99,98;98,86;95,41;92,29;90,48;89,63;87,22;85,06;83,69;82,11;79,95;78,36;75,45;73,2;71,59;70,83;69,31;68,36;67,74;66,69;64,72;62,91;61,01;60,09;59,18;58,62;56,88;55,66;56,42;55,26;53,39;52,57;52,99;52,49;50,54;49,4;50,02;49,12;47,7;47,07;47,23;46,6;45,74;46,01;45,27;44,5;45,24;44,68;44,14;45,05;46,28;46,9;44,33;43,46;44,39;45,6;47,11;46,22;46,59;47,55;47,82;47,95;48,85;49,36;47,82;47,24;50,31;52,06;51,17;52,5;54,87;54,32;54,82;56,83;56,37;58,23;59,54;59,49;61,64;63,11;65,17;65,27;65,39;67,99;68,7;69,35;72,44
6;144,42;139,87;136,81;133,81;130,96;128,14;126,62;125,31;123,24;120,77;117,83;114,17;110,32;108,8;107,42;106,12;102,82;99,81;97,92;96,88;94,5;92,33;90,86;89,2;87,05;85,41;82,63;80,43;78,79;77,9;76,35;75,28;74,53;73,41;71,49;69,71;67,88;66,89;65,91;65,24;63,55;62,34;62,84;61,68;59,92;59,06;59,28;58,72;56,9;55,81;56,24;55,35;54;53,36;53,41;52,79;51,95;52,11;51,41;50,68;51,27;50,73;50,23;50,98;52;52,49;50,23;49,45;50,18;51,24;52,64;51,9;52,24;53,07;53,29;53,4;54,17;54,62;53,24;52,85;55,74;57,32;56,59;57,78;59,9;59,49;59,98;61,78;61,48;63,16;64,37;64,42;66,37;67,75;69,62;69,82;70,04;72,39;73,13;73,82;76,61
7;152,31;148,07;145,01;142,01;139,15;136,31;134,5;132,86;130,65;128,12;125,24;121,81;118,24;116,5;114,89;113,35;110,25;107,4;105,44;104,14;101,8;99,65;98,04;96,3;94,2;92,49;89,91;87,79;86,13;85,07;83,48;82,28;81,33;80,12;78,3;76,59;74,85;73,76;72,71;71,9;70,3;69,12;69,27;68,12;66,54;65,61;65,58;64,94;63,32;62,29;62,48;61,61;60,39;59,74;59,64;59,04;58,26;58,27;57,64;56,98;57,36;56,88;56,43;56,97;57,71;58,04;56,23;55,59;56,07;56,92;58,16;57,63;57,94;58,6;58,78;58,88;59,49;59,89;58,75;58,63;61,24;62,59;62,11;63,13;64,9;64,7;65,2;66,74;66,66;68,11;69,21;69,41;71,11;72,36;74,01;74,35;74,72;76,77;77,57;78,33;80,73
8;160,17;156,31;153,26;150,26;147,38;144,53;142,39;140,38;137,99;135,42;132,62;129,47;126,24;124,25;122,37;120,55;117,71;115,05;113;111,4;109,13;107;105,25;103,41;101,36;99,59;97,24;95,22;93,54;92,28;90,66;89,31;88,15;86,84;85,12;83,5;81,87;80,69;79,55;78,6;77,11;75,97;75,7;74,57;73,19;72,22;71,88;71,16;69,79;68,84;68,72;67,89;66,84;66,19;65,93;65,34;64,64;64,49;63,92;63,35;63,51;63,09;62,71;63;63,43;63,59;62,3;61,83;62,03;62,65;63,68;63,39;63,66;64,16;64,29;64,38;64,83;65,16;64,34;64,51;66,78;67,85;67,67;68,51;69,88;69,93;70,46;71,7;71,88;73,08;74,05;74,44;75,84;76,96;78,35;78,87;79,43;81,13;81,99;82,85;84,82
9;168,02;164,55;161,51;158,53;155,62;152,76;150,27;147,87;145,32;142,69;139,98;137,12;134,25;132,01;129,85;127,75;125,17;122,7;120,56;118,67;116,46;114,35;112,45;110,53;108,54;106,7;104,6;102,68;100,98;99,52;97,87;96,36;94,98;93,56;91,96;90,43;88,92;87,65;86,42;85,31;83,95;82,83;82,15;81,05;79,87;78,84;78,2;77,39;76,28;75,41;74,98;74,2;73,32;72,68;72,24;71,66;71,06;70,74;70,24;69,77;69,69;69,33;69,01;69,05;69,17;69,14;68,41;68,11;68,04;68,41;69,22;69,17;69,41;69,71;69,81;69,9;70,18;70,46;69,98;70,45;72,32;73,1;73,24;73,9;74,85;75,16;75,73;76,66;77,1;78,04;78,88;79,46;80,56;81,54;82,66;83,38;84,13;85,46;86,4;87,35;88,87
10;175,87;172,78;169,75;166,77;163,84;160,97;158,14;155,37;152,64;149,97;147,34;144,77;142,24;139,76;137,34;134,96;132,63;130,35;128,11;125,93;123,79;121,7;119,65;117,66;115,71;113,81;111,95;110,13;108,4;106,74;105,08;103,41;101,81;100,29;98,8;97,36;95,96;94,6;93,29;92,03;90,79;89,71;88,6;87,53;86,56;85,47;84,53;83,64;82,78;81,99;81,25;80,52;79,82;79,17;78,57;78;77,48;77,01;76,57;76,2;75,89;75,58;75,32;75,1;74,92;74,73;74,52;74,39;74,06;74,19;74,77;74,95;75,15;75,28;75,34;75,43;75,55;75,79;75,63;76,38;77,86;78,35;78,8;79,29;79,82;80,39;80,99;81,62;82,29;82,99;83,71;84,47;85,27;86,1;86,96;87,86;88,8;89,77;90,78;91,82;92,9
11;183,73;180,98;177,95;174,97;172,01;169,12;165,99;162,87;159,99;157,27;154,72;152,39;150,18;147,48;144,81;142,18;140,08;137,95;135,63;133,18;131,1;129,02;126,85;124,78;122,88;120,92;119,27;117,53;115,78;113,94;112,25;110,44;108,65;107,03;105,64;104,27;102,97;101,53;100,14;98,75;97,61;96,55;95,08;94,03;93,22;92,09;90,88;89,92;89,28;88,55;87,53;86,84;86,31;85,66;84,9;84,33;83,89;83,29;82,89;82,6;82,08;81,82;81,6;81,15;80,7;80,35;80,62;80,63;80,08;79,99;80,34;80,72;80,88;80,85;80,88;80,97;80,94;81,14;81,28;82,26;83,36;83,59;84,31;84,65;84,81;85,6;86,22;86,57;87,45;87,92;88,52;89,44;89,96;90,65;91,27;92,33;93,42;94,07;95,12;96,24;96,92
12;191,62;189,14;186,1;183,11;180,11;177,2;173,81;170,4;167,39;164,62;162,13;159,99;158,03;155,15;152,28;149,43;147,5;145,5;143,1;140,43;138,39;136,32;134,03;131,9;130,03;128,01;126,53;124,86;123,08;121,08;119,38;117,45;115,48;113,77;112,46;111,16;109,93;108,42;106,96;105,46;104,4;103,35;101,57;100,53;99,86;98,68;97,25;96,22;95,77;95,08;93,81;93,17;92,77;92,12;91,23;90,65;90,27;89,55;89,19;88,96;88,26;88,02;87,83;87,19;86,51;86,03;86,68;86,81;86,07;85,79;85,94;86,48;86,6;86,43;86,43;86,51;86,36;86,52;86,91;88,07;88,81;88,81;89,76;89,98;89,81;90,77;91,41;91,52;92,55;92,83;93,32;94,35;94,64;95,19;95,6;96,78;97,99;98,35;99,43;100,6;100,93
13;199,54;197,24;194,19;191,17;188,13;185,19;181,6;177,96;174,84;172,04;169,57;167,57;165,78;162,75;159,73;156,71;154,9;152,98;150,51;147,68;145,65;143,57;141,19;139,01;137,15;135,1;133,73;132,1;130,28;128,16;126,44;124,42;122,32;120,53;119,27;118;116,82;115,26;113,74;112,15;111,15;110,1;108,07;107,04;106,46;105,24;103,64;102,56;102,23;101,57;100,11;99,49;99,2;98,53;97,55;96,95;96,61;95,79;95,44;95,25;94,41;94,19;94;93,2;92,35;91,77;92,7;92,9;92,03;91,6;91,56;92,2;92,28;92;91,98;92,05;91,81;91,93;92,51;93,77;94,21;94,02;95,13;95,26;94,84;95,91;96,55;96,47;97,58;97,71;98,11;99,19;99,29;99,73;99,97;101,21;102,49;102,62;103,71;104,89;104,96
14;207,5;205,29;202,2;199,14;196,06;193,08;189,35;185,56;182,36;179,52;177,05;175,11;173,41;170,29;167,16;164,03;162,27;160,38;157,86;154,91;152,89;150,79;148,34;146,12;144,25;142,16;140,84;139,22;137,38;135,17;133,42;131,34;129,15;127,31;126,06;124,8;123,64;122,04;120,47;118,82;117,84;116,77;114,59;113,56;113,02;111,77;110,06;108,92;108,66;108,01;106,41;105,8;105,59;104,9;103,84;103,22;102,89;102,01;101,65;101,47;100,52;100,29;100,09;99,19;98,22;97,57;98,65;98,89;97,93;97,4;97,22;97,9;97,93;97,57;97,53;97,58;97,28;97,37;98,06;99,35;99,55;99,21;100,41;100,49;99,9;101,02;101,63;101,41;102,54;102,56;102,88;103,97;103,94;104,28;104,38;105,64;106,93;106,89;107,96;109,11;109
15;215,5;213,27;210,13;207,03;203,89;200,87;197,07;193,21;189,96;187,08;184,58;182,63;180,93;177,75;174,56;171,38;169,61;167,7;165,14;162,14;160,09;157,96;155,47;153,22;151,33;149,2;147,87;146,23;144,36;142,1;140,33;138,21;135,98;134,1;132,83;131,56;130,38;128,75;127,15;125,46;124,47;123,37;121,13;120,07;119,52;118,24;116,49;115,32;115,06;114,38;112,71;112,11;111,92;111,2;110,1;109,45;109,1;108,19;107,8;107,6;106,6;106,34;106,1;105,14;104,12;103,43;104,53;104,76;103,79;103,19;102,9;103,55;103,55;103,14;103,08;103,11;102,78;102,84;103,57;104,79;104,81;104,4;105,6;105,66;105;106,08;106,65;106,35;107,44;107,38;107,63;108,68;108,56;108,83;108,85;110,06;111,3;111,18;112,18;113,28;113,06
16;223,54;221,19;217,99;214,83;211,63;208,56;204,76;200,91;197,63;194,72;192,16;190,12;188,32;185,14;181,95;178,77;176,92;174,94;172,35;169,36;167,26;165,09;162,58;160,31;158,37;156,22;154,82;153,13;151,22;148,96;147,15;145,03;142,8;140,9;139,59;138,27;137,04;135,39;133,78;132,07;131,04;129,89;127,68;126,59;125,96;124,68;122,93;121,75;121,41;120,69;119,02;118,4;118,2;117,45;116,34;115,65;115,25;114,32;113,89;113,63;112,63;112,32;112,03;111,06;110,04;109,35;110,34;110,51;109,58;108,97;108,61;109,18;109,13;108,71;108,63;108,63;108,3;108,33;109,02;110,11;110,02;109,57;110,7;110,79;110,13;111,12;111,61;111,29;112,27;112,18;112,38;113,33;113,18;113,4;113,38;114,49;115,62;115,47;116,39;117,39;117,17
17;231,63;229,06;225,78;222,55;219,29;216,16;212,43;208,66;205,39;202,43;199,79;197,59;195,61;192,47;189,33;186,2;184,21;182,11;179,51;176,57;174,4;172,18;169,68;167,39;165,39;163,22;161,69;159,93;157,98;155,74;153,9;151,8;149,61;147,72;146,32;144,93;143,62;141,97;140,35;138,66;137,55;136,34;134,24;133,1;132,35;131,06;129,39;128,19;127,73;126,95;125,33;124,67;124,42;123,63;122,53;121,8;121,33;120,42;119,92;119,58;118,61;118,24;117,88;116,95;115,99;115,32;116,09;116,15;115,32;114,73;114,35;114,77;114,67;114,28;114,18;114,15;113,84;113,85;114,42;115,31;115,16;114,74;115,73;115,87;115,3;116,13;116,52;116,23;117,04;116,96;117,13;117,93;117,8;117,98;117,98;118,93;119,9;119,8;120,59;121,48;121,32
18;239,75;236,89;233,52;230,2;226,89;223,68;220,07;216,45;213,2;210,21;207,46;205,04;202,81;199,73;196,68;193,65;191,47;189,22;186,61;183,78;181,52;179,23;176,76;174,46;172,39;170,2;168,49;166,63;164,65;162,46;160,59;158,53;156,42;154,54;153,04;151,55;150,14;148,49;146,87;145,22;144,01;142,72;140,81;139,61;138,7;137,41;135,85;134,66;134,01;133,14;131,64;130,93;130,59;129,75;128,7;127,92;127,35;126,47;125,9;125,46;124,55;124,09;123,66;122,81;121,95;121,33;121,76;121,7;121;120,47;120,1;120,33;120,19;119,84;119,72;119,66;119,4;119,37;119,78;120,39;120,26;119,91;120,68;120,91;120,51;121,11;121,39;121,18;121,78;121,74;121,88;122,49;122,43;122,6;122,64;123,39;124,16;124,15;124,81;125,54;125,52
19;247,9;244,67;241,21;237,81;234,43;231,15;227,7;224,28;221,08;218,04;215,16;212,48;209,93;206,96;204,03;201,13;198,71;196,27;193,68;190,99;188,62;186,26;183,84;181,53;179,36;177,16;175,24;173,26;171,24;169,14;167,22;165,22;163,23;161,37;159,74;158,14;156,6;154,96;153,36;151,76;150,41;149,05;147,38;146,1;145,01;143,72;142,32;141,13;140,25;139,3;137,94;137,17;136,71;135,82;134,83;134,01;133,32;132,48;131,83;131,26;130,45;129,9;129,37;128,63;127,91;127,36;127,38;127,16;126,63;126,2;125,86;125,86;125,68;125,4;125,26;125,16;124,97;124,91;125,1;125,4;125,32;125,08;125,59;125,92;125,74;126,08;126,24;126,14;126,49;126,51;126,64;127,03;127,07;127,25;127,37;127,88;128,42;128,55;129,05;129,61;129,79
20;256,07;252,44;248,88;245,38;241,94;238,59;235,33;232,13;228,99;225,91;222,89;219,92;217,01;214,16;211,36;208,63;205,94;203,3;200,72;198,19;195,71;193,28;190,91;188,59;186,33;184,11;181,95;179,84;177,79;175,77;173,81;171,89;170,02;168,2;166,43;164,7;163,03;161,4;159,82;158,28;156,79;155,34;153,94;152,59;151,28;150,01;148,78;147,61;146,47;145,41;144,24;143,4;142,8;141,86;140,93;140,07;139,24;138,46;137,72;137,01;136,32;135,67;135,04;134,43;133,87;133,4;132,96;132,56;132,22;131,9;131,62;131,37;131,15;130,95;130,79;130,65;130,53;130,45;130,38;130,34;130,36;130,25;130,47;130,91;131;131,05;131,07;131,12;131,19;131,29;131,42;131,57;131,74;131,94;132,16;132,41;132,69;133;133,34;133,72;134,13
21;264,08;260,4;256,81;253,25;249,79;246,43;243,12;239,87;236,66;233,53;230,44;227,43;224,48;221,61;218,8;216,03;213,28;210,6;208,01;205,43;202,9;200,42;198,02;195,68;193,39;191,11;188,89;186,76;184,7;182,65;180,63;178,67;176,77;174,93;173,12;171,36;169,66;168,01;166,4;164,82;163,32;161,84;160,37;159,02;157,68;156,38;155,1;153,89;152,74;151,65;150,46;149,6;148,95;147,97;147,03;146,15;145,3;144,46;143,67;142,94;142,2;141,54;140,92;140,26;139,65;139,14;138,69;138,25;137,9;137,57;137,27;136,96;136,71;136,51;136,32;136,16;136;135,86;135,77;135,72;135,68;135,52;135,69;136,09;136,19;136,19;136,13;136,18;136,23;136,3;136,39;136,46;136,61;136,81;136,99;137,18;137,42;137,69;137,98;138,31;138,69
22;272,1;268,38;264,76;261,14;257,65;254,27;250,92;247,61;244,33;241,16;238,01;234,95;231,96;229,06;226,24;223,43;220,63;217,9;215,29;212,67;210,09;207,57;205,14;202,77;200,45;198,1;195,84;193,67;191,61;189,53;187,46;185,45;183,52;181,65;179,81;178,01;176,28;174,61;172,98;171,35;169,85;168,33;166,8;165,44;164,07;162,74;161,41;160,16;159;157,87;156,66;155,78;155,08;154,07;153,11;152,21;151,35;150,45;149,62;148,87;148,07;147,39;146,78;146,08;145,43;144,87;144,41;143,93;143,56;143,23;142,9;142,54;142,26;142,05;141,84;141,66;141,45;141,27;141,16;141,09;141;140,79;140,92;141,29;141,38;141,34;141,21;141,27;141,3;141,34;141,39;141,39;141,51;141,71;141,86;141,98;142,2;142,43;142,68;142,97;143,31
23;280,14;276,36;272,71;269,03;265,51;262,11;258,72;255,35;252,02;248,8;245,58;242,49;239,45;236,52;233,67;230,82;227,97;225,2;222,57;219,91;217,28;214,72;212,26;209,85;207,51;205,1;202,79;200,6;198,52;196,4;194,28;192,23;190,27;188,38;186,5;184,67;182,9;181,21;179,55;177,88;176,36;174,82;173,23;171,85;170,46;169,09;167,71;166,43;165,26;164,09;162,86;161,95;161,2;160,17;159,18;158,26;157,37;156,43;155,55;154,78;153,94;153,24;152,63;151,89;151,2;150,6;150,13;149,61;149,22;148,88;148,52;148,11;147,81;147,59;147,35;147,14;146,9;146,68;146,55;146,46;146,32;146,08;146,17;146,49;146,58;146,5;146,32;146,37;146,38;146,39;146,4;146,36;146,45;146,64;146,76;146,83;147,02;147,22;147,43;147,68;147,99
24;288,19;284,36;280,67;276,94;273,38;269,95;266,51;263,09;259,7;256,44;253,17;250,03;246,95;243,99;241,11;238,22;235,32;232,51;229,85;227,14;224,48;221,87;219,38;216,94;214,57;212,11;209,75;207,53;205,43;203,27;201,11;199,02;197,03;195,1;193,19;191,32;189,53;187,81;186,11;184,4;182,86;181,29;179,66;178,25;176,83;175,43;174,02;172,7;171,51;170,31;169,05;168,11;167,32;166,25;165,24;164,29;163,38;162,4;161,48;160,69;159,81;159,09;158,46;157,69;156,96;156,33;155,84;155,29;154,88;154,51;154,13;153,69;153,36;153,12;152,85;152,61;152,34;152,09;151,93;151,82;151,65;151,37;151,43;151,72;151,79;151,68;151,45;151,49;151,47;151,46;151,44;151,36;151,42;151,6;151,68;151,72;151,88;152,05;152,23;152,45;152,73
25;296,25;292,38;288,64;284,86;281,26;277,78;274,3;270,83;267,4;264,09;260,78;257,59;254,47;251,47;248,54;245,61;242,67;239,82;237,12;234,37;231,67;229,03;226,51;224,03;221,62;219,12;216,72;214,47;212,33;210,14;207,95;205,82;203,79;201,83;199,88;197,98;196,15;194,4;192,67;190,93;189,36;187,75;186,09;184,65;183,2;181,76;180,32;178,97;177,75;176,52;175,23;174,26;173,44;172,34;171,29;170,31;169,37;168,36;167,41;166,59;165,68;164,93;164,28;163,48;162,73;162,07;161,54;160,96;160,52;160,13;159,73;159,26;158,9;158,63;158,34;158,08;157,78;157,49;157,3;157,17;156,98;156,68;156,7;156,96;157,01;156,87;156,62;156,63;156,58;156,54;156,5;156,39;156,42;156,57;156,63;156,64;156,77;156,92;157,07;157,26;157,52
26;304,33;300,4;296,61;292,79;289,15;285,61;282,08;278,57;275,1;271,74;268,39;265,16;262;258,95;255,97;253;250,02;247,13;244,39;241,6;238,86;236,2;233,63;231,11;228,66;226,13;223,71;221,41;219,23;217,01;214,78;212,62;210,55;208,56;206,57;204,64;202,78;200,99;199,23;197,45;195,85;194,21;192,52;191,04;189,56;188,09;186,62;185,24;183,98;182,72;181,4;180,4;179,55;178,42;177,34;176,33;175,36;174,32;173,34;172,49;171,56;170,78;170,08;169,26;168,49;167,8;167,25;166,64;166,17;165,75;165,32;164,82;164,45;164,14;163,82;163,53;163,2;162,9;162,68;162,52;162,3;161,98;161,98;162,22;162,23;162,07;161,8;161,78;161,71;161,64;161,57;161,44;161,45;161,57;161,6;161,59;161,69;161,82;161,95;162,12;162,35
27;312,41;308,44;304,59;300,73;297,03;293,44;289,86;286,31;282,8;279,4;276,01;272,74;269,53;266,43;263,4;260,39;257,38;254,45;251,65;248,82;246,06;243,37;240,76;238,2;235,7;233,15;230,7;228,36;226,14;223,87;221,62;219,43;217,32;215,29;213,27;211,3;209,4;207,57;205,78;203,98;202,33;200,66;198,96;197,43;195,91;194,42;192,92;191,52;190,22;188,92;187,57;186,53;185,66;184,5;183,38;182,33;181,33;180,27;179,27;178,38;177,44;176,62;175,88;175,04;174,25;173,55;172,95;172,32;171,82;171,36;170,9;170,39;169,99;169,65;169,3;168,97;168,63;168,3;168,06;167,86;167,64;167,3;167,28;167,49;167,46;167,28;167,01;166,94;166,84;166,75;166,66;166,52;166,5;166,58;166,59;166,56;166,64;166,75;166,86;167,01;167,23
28;320,5;316,49;312,58;308,68;304,92;301,26;297,64;294,04;290,5;287,06;283,64;280,33;277,07;273,92;270,83;267,77;264,73;261,76;258,91;256,05;253,25;250,54;247,89;245,28;242,74;240,17;237,69;235,32;233,03;230,74;228,46;226,24;224,1;222,02;219,97;217,97;216,03;214,16;212,33;210,51;208,8;207,1;205,39;203,82;202,26;200,74;199,23;197,79;196,45;195,12;193,73;192,66;191,76;190,58;189,42;188,33;187,29;186,22;185,21;184,28;183,32;182,47;181,68;180,82;180,01;179,29;178,65;178,01;177,46;176,97;176,48;175,96;175,52;175,14;174,76;174,41;174,05;173,71;173,44;173,21;172,97;172,62;172,58;172,77;172,7;172,5;172,23;172,12;171,99;171,87;171,76;171,63;171,58;171,61;171,59;171,56;171,62;171,7;171,8;171,94;172,13
29;328,6;324,54;320,56;316,64;312,82;309,08;305,4;301,78;298,21;294,72;291,28;287,92;284,62;281,4;278,26;275,15;272,08;269,08;266,16;263,27;260,45;257,71;255,03;252,37;249,78;247,2;244,7;242,28;239,93;237,6;235,31;233,06;230,88;228,75;226,67;224,64;222,66;220,75;218,88;217,04;215,28;213,55;211,83;210,2;208,61;207,06;205,53;204,07;202,68;201,32;199,9;198,79;197,87;196,66;195,46;194,33;193,25;192,17;191,14;190,17;189,21;188,31;187,47;186,6;185,78;185,04;184,36;183,69;183,11;182,57;182,05;181,52;181,06;180,64;180,23;179,85;179,47;179,12;178,82;178,55;178,3;177,94;177,89;178,06;177,94;177,73;177,48;177,31;177,14;177;176,88;176,75;176,67;176,65;176,61;176,58;176,61;176,68;176,77;176,89;177,07
30;336,7;332,59;328,55;324,59;320,71;316,9;313,17;309,51;305,91;302,38;298,91;295,51;292,17;288,89;285,68;282,53;279,43;276,39;273,41;270,49;267,65;264,89;262,16;259,46;256,81;254,22;251,7;249,24;246,83;244,47;242,15;239,88;237,66;235,49;233,37;231,31;229,3;227,34;225,43;223,57;221,75;219,99;218,27;216,59;214,96;213,38;211,84;210,35;208,91;207,52;206,06;204,91;203,98;202,74;201,5;200,33;199,21;198,12;197,08;196,07;195,1;194,16;193,25;192,37;191,54;190,79;190,07;189,38;188,76;188,17;187,62;187,09;186,6;186,13;185,69;185,28;184,89;184,53;184,2;183,89;183,64;183,26;183,21;183,37;183,19;182,97;182,73;182,51;182,31;182,14;182;181,88;181,78;181,7;181,64;181,61;181,62;181,67;181,75;181,87;182,03
31;344,78;340,62;336,54;332,53;328,6;324,74;320,95;317,25;313,61;310,03;306,52;303,07;299,69;296,37;293,11;289,91;286,78;283,7;280,68;277,71;274,84;272,05;269,28;266,54;263,86;261,23;258,67;256,18;253,74;251,34;248,99;246,68;244,42;242,22;240,07;237,97;235,92;233,93;231,99;230,1;228,25;226,46;224,71;222,99;221,33;219,72;218,14;216,62;215,16;213,74;212,24;211,06;210,1;208,83;207,56;206,36;205,2;204,09;203,01;201,97;200,98;200,01;199,07;198,16;197,31;196,53;195,77;195,06;194,41;193,8;193,22;192,66;192,15;191,65;191,19;190,75;190,34;189,96;189,59;189,26;188,99;188,59;188,51;188,65;188,46;188,22;187,95;187,71;187,49;187,29;187,13;187;186,88;186,77;186,69;186,64;186,63;186,67;186,73;186,83;186,98
32;352,86;348,65;344,52;340,46;336,49;332,57;328,74;324,99;321,3;317,67;314,12;310,63;307,2;303,84;300,53;297,3;294,12;291,01;287,95;284,94;282,03;279,2;276,41;273,62;270,9;268,24;265,64;263,11;260,64;258,21;255,82;253,48;251,18;248,94;246,76;244,63;242,55;240,52;238,55;236,63;234,76;232,93;231,14;229,39;227,7;226,05;224,44;222,9;221,4;219,95;218,43;217,21;216,22;214,92;213,62;212,38;211,19;210,06;208,94;207,87;206,85;205,85;204,89;203,94;203,07;202,27;201,47;200,74;200,06;199,42;198,81;198,23;197,7;197,18;196,68;196,22;195,79;195,38;194,99;194,64;194,34;193,92;193,82;193,95;193,73;193,47;193,18;192,91;192,67;192,46;192,28;192,12;191,98;191,86;191,76;191,69;191,66;191,68;191,72;191,81;191,94
33;360,94;356,67;352,49;348,39;344,37;340,4;336,52;332,72;328,99;325,31;321,72;318,19;314,71;311,3;307,95;304,68;301,47;298,31;295,22;292,16;289,22;286,36;283,53;280,7;277,94;275,24;272,61;270,05;267,54;265,08;262,65;260,27;257,94;255,67;253,46;251,29;249,17;247,11;245,11;243,16;241,26;239,4;237,58;235,8;234,07;232,39;230,74;229,17;227,65;226,17;224,61;223,36;222,33;221,01;219,68;218,4;217,18;216,03;214,88;213,77;212,73;211,7;210,7;209,73;208,84;208;207,18;206,42;205,71;205,05;204,41;203,81;203,25;202,7;202,18;201,69;201,24;200,81;200,39;200,01;199,7;199,25;199,13;199,24;199,01;198,73;198,41;198,12;197,86;197,62;197,43;197,26;197,09;196,95;196,83;196,74;196,7;196,7;196,73;196,8;196,92
34;369,01;364,69;360,46;356,32;352,25;348,23;344,29;340,45;336,67;332,95;329,32;325,74;322,22;318,77;315,38;312,06;308,81;305,61;302,48;299,38;296,4;293,51;290,64;287,77;284,98;282,24;279,57;276,98;274,44;271,94;269,48;267,07;264,7;262,39;260,15;257,95;255,8;253,71;251,67;249,69;247,75;245,86;244,01;242,2;240,44;238,73;237,04;235,44;233,9;232,38;230,8;229,51;228,45;227,1;225,73;224,43;223,18;222;220,81;219,67;218,61;217,55;216,52;215,52;214,6;213,74;212,89;212,1;211,37;210,68;210,01;209,38;208,8;208,23;207,68;207,17;206,69;206,24;205,8;205,39;205,06;204,59;204,45;204,55;204,29;203,99;203,65;203,34;203,06;202,8;202,59;202,39;202,21;202,05;201,91;201,8;201,74;201,73;201,75;201,8;201,91
35;377,07;372,7;368,43;364,23;360,12;356,05;352,07;348,18;344,35;340,59;336,91;333,29;329,72;326,23;322,8;319,44;316,15;312,91;309,74;306,61;303,58;300,66;297,75;294,85;292,02;289,24;286,54;283,91;281,33;278,8;276,3;273,86;271,46;269,12;266,84;264,6;262,42;260,3;258,23;256,22;254,25;252,33;250,45;248,6;246,81;245,06;243,35;241,72;240,14;238,6;236,98;235,66;234,56;233,18;231,79;230,45;229,17;227,96;226,74;225,58;224,48;223,39;222,34;221,31;220,36;219,48;218,6;217,78;217,02;216,31;215,62;214,96;214,35;213,76;213,18;212,65;212,15;211,67;211,2;210,77;210,42;209,93;209,77;209,85;209,57;209,26;208,89;208,56;208,26;207,98;207,75;207,53;207,33;207,16;206,99;206,87;206,8;206,77;206,78;206,82;206,91
36;385,13;380,71;376,39;372,14;367,98;363,87;359,84;355,91;352,03;348,22;344,5;340,84;337,22;333,69;330,21;326,82;323,48;320,21;316,99;313,82;310,77;307,8;304,86;301,92;299,05;296,24;293,5;290,83;288,23;285,66;283,13;280,65;278,21;275,84;273,53;271,26;269,04;266,89;264,79;262,75;260,74;258,79;256,88;255;253,17;251,4;249,66;247,99;246,38;244,81;243,16;241,81;240,68;239,27;237,85;236,48;235,17;233,92;232,68;231,49;230,36;229,24;228,16;227,11;226,13;225,21;224,31;223,46;222,68;221,94;221,22;220,54;219,9;219,29;218,69;218,13;217,6;217,1;216,61;216,16;215,79;215,27;215,09;215,16;214,86;214,52;214,14;213,78;213,46;213,17;212,91;212,68;212,46;212,26;212,08;211,95;211,86;211,82;211,81;211,84;211,91
37;393,18;388,71;384,34;380,05;375,84;371,68;367,61;363,63;359,71;355,85;352,08;348,37;344,72;341,14;337,63;334,2;330,82;327,5;324,25;321,04;317,94;314,95;311,97;308,99;306,09;303,24;300,46;297,76;295,12;292,51;289,95;287,43;284,97;282,56;280,21;277,91;275,67;273,48;271,35;269,27;267,24;265,25;263,3;261,4;259,54;257,74;255,96;254,27;252,62;251,02;249,34;247,96;246,8;245,35;243,9;242,5;241,17;239,89;238,62;237,39;236,24;235,09;233,98;232,9;231,9;230,95;230,02;229,15;228,34;227,57;226,82;226,12;225,45;224,81;224,19;223,61;223,06;222,53;222,02;221,55;221,15;220,61;220,41;220,46;220,15;219,79;219,39;219,01;218,67;218,35;218,08;217,82;217,59;217,37;217,18;217,02;216,92;216,87;216,84;216,86;216,92
38;401,22;396,7;392,29;387,95;383,69;379,49;375,38;371,34;367,38;363,48;359,66;355,91;352,21;348,6;345,04;341,57;338,15;334,79;331,5;328,25;325,12;322,09;319,08;316,06;313,12;310,24;307,42;304,68;302,01;299,37;296,77;294,22;291,72;289,28;286,9;284,56;282,29;280,07;277,9;275,79;273,72;271,7;269,73;267,79;265,91;264,07;262,27;260,54;258,86;257,23;255,53;254,11;252,91;251,43;249,95;248,53;247,16;245,85;244,55;243,31;242,11;240,94;239,8;238,7;237,66;236,69;235,73;234,83;234;233,2;232,43;231,7;231,01;230,35;229,7;229,09;228,51;227,96;227,43;226,94;226,52;225,96;225,74;225,77;225,43;225,05;224,63;224,24;223,88;223,54;223,24;222,97;222,72;222,48;222,27;222,1;221,98;221,91;221,88;221,88;221,93
39;409,25;404,69;400,22;395,84;391,54;387,3;383,14;379,06;375,05;371,11;367,24;363,44;359,71;356,05;352,46;348,94;345,48;342,08;338,75;335,47;332,3;329,23;326,18;323,13;320,14;317,23;314,38;311,61;308,89;306,22;303,58;301;298,47;296;293,58;291,21;288,9;286,65;284,46;282,31;280,21;278,16;276,15;274,19;272,28;270,41;268,58;266,82;265,1;263,44;261,71;260,26;259,03;257,51;256,01;254,56;253,16;251,81;250,49;249,22;247,99;246,79;245,63;244,5;243,43;242,43;241,45;240,52;239,66;238,83;238,04;237,28;236,56;235,88;235,21;234,57;233,97;233,4;232,84;232,33;231,89;231,31;231,07;231,08;230,72;230,32;229,88;229,46;229,08;228,73;228,41;228,12;227,84;227,59;227,36;227,18;227,05;226,96;226,92;226,91;226,94
40;417,27;412,67;408,15;403,72;399,37;395,1;390,89;386,77;382,71;378,73;374,82;370,97;367,2;363,5;359,87;356,31;352,81;349,37;346;342,68;339,47;336,36;333,28;330,19;327,17;324,22;321,34;318,53;315,77;313,06;310,4;307,78;305,22;302,71;300,26;297,86;295,52;293,24;291,01;288,83;286,69;284,61;282,57;280,58;278,64;276,74;274,89;273,09;271,34;269,65;267,89;266,41;265,15;263,6;262,06;260,59;259,16;257,78;256,43;255,13;253,87;252,64;251,45;250,3;249,2;248,17;247,17;246,21;245,32;244,47;243,65;242,87;242,12;241,41;240,72;240,06;239,43;238,83;238,26;237,72;237,25;236,65;236,4;236,39;236,01;235,59;235,13;234,69;234,29;233,92;233,58;233,26;232,97;232,7;232,45;232,25;232,11;232,01;231,95;231,93;231,95
41;425,31;420,65;416,1;411,61;407,22;402,91;398,67;394,5;390,41;386,38;382,43;378,54;374,73;370,98;367,31;363,7;360,16;356,68;353,27;349,92;346,68;343,53;340,4;337,28;334,22;331,23;328,32;325,48;322,68;319,93;317,23;314,57;311,97;309,44;306,95;304,52;302,15;299,83;297,57;295,36;293,18;291,06;289;286,98;285,01;283,08;281,2;279,37;277,59;275,87;274,07;272,57;271,29;269,7;268,13;266,63;265,17;263,76;262,38;261,05;259,76;258,51;257,29;256,11;254,99;253,93;252,89;251,91;251;250,11;249,27;248,46;247,69;246,95;246,23;245,54;244,89;244,27;243,67;243,11;242,62;241,99;241,72;241,69;241,29;240,85;240,37;239,9;239,48;239,09;238,73;238,39;238,08;237,78;237,51;237,29;237,13;237,02;236,95;236,91;236,91
42;433,34;428,63;424,03;419,49;415,07;410,72;406,44;402,24;398,1;394,03;390,03;386,11;382,25;378,46;374,74;371,09;367,5;363,99;360,54;357,16;353,88;350,69;347,52;344,36;341,26;338,23;335,3;332,42;329,59;326,8;324,05;321,35;318,73;316,16;313,64;311,17;308,77;306,41;304,12;301,88;299,67;297,52;295,43;293,38;291,38;289,42;287,51;285,65;283,84;282,09;280,25;278,73;277,42;275,8;274,2;272,68;271,18;269,74;268,33;266,97;265,66;264,38;263,13;261,92;260,77;259,69;258,62;257,62;256,67;255,76;254,89;254,06;253,25;252,49;251,75;251,03;250,35;249,71;249,08;248,5;247,99;247,33;247,03;246,99;246,56;246,1;245,61;245,11;244,66;244,26;243,88;243,52;243,19;242,86;242,57;242,33;242,16;242,04;241,95;241,89;241,88
43;441,35;436,6;431,96;427,37;422,91;418,52;414,2;409,96;405,79;401,67;397,63;393,66;389,76;385,93;382,17;378,48;374,84;371,29;367,81;364,38;361,07;357,84;354,63;351,43;348,29;345,23;342,27;339,36;336,48;333,66;330,87;328,13;325,47;322,87;320,33;317,82;315,38;312,99;310,67;308,4;306,15;303,96;301,85;299,78;297,75;295,75;293,81;291,93;290,08;288,3;286,43;284,88;283,55;281,89;280,27;278,71;277,19;275,71;274,28;272,89;271,55;270,24;268,97;267,72;266,56;265,44;264,34;263,32;262,34;261,4;260,51;259,65;258,82;258,03;257,26;256,51;255,81;255,14;254,49;253,88;253,35;252,67;252,35;252,28;251,84;251,36;250,85;250,32;249,85;249,43;249,02;248,65;248,29;247,94;247,63;247,38;247,18;247,05;246,94;246,87;246,84
44;449,36;444,56;439,88;435,24;430,74;426,31;421,96;417,68;413,47;409,31;405,22;401,21;397,27;393,4;389,59;385,85;382,18;378,59;375,06;371,6;368,25;364,98;361,74;358,5;355,32;352,23;349,23;346,28;343,37;340,51;337,69;334,91;332,21;329,58;327,01;324,46;321,99;319,56;317,21;314,91;312,63;310,41;308,26;306,16;304,1;302,08;300,11;298,2;296,32;294,5;292,61;291,03;289,67;287,98;286,33;284,75;283,19;281,69;280,22;278,8;277,44;276,1;274,8;273,53;272,34;271,19;270,06;269,01;268,01;267,05;266,13;265,25;264,38;263,57;262,77;262;261,27;260,58;259,9;259,27;258,72;258,01;257,67;257,58;257,12;256,62;256,08;255,54;255,04;254,6;254,17;253,77;253,4;253,02;252,69;252,42;252,21;252,06;251,94;251,85;251,81
45;457,36;452,52;447,79;443,11;438,56;434,09;429,7;425,39;421,14;416,94;412,81;408,75;404,77;400,86;397,01;393,22;389,51;385,87;382,31;378,81;375,42;372,12;368,84;365,56;362,35;359,22;356,19;353,2;350,25;347,35;344,49;341,68;338,95;336,28;333,68;331,1;328,59;326,13;323,74;321,41;319,1;316,85;314,67;312,54;310,45;308,4;306,41;304,46;302,56;300,71;298,78;297,18;295,79;294,07;292,39;290,78;289,19;287,66;286,16;284,72;283,32;281,96;280,63;279,33;278,11;276,94;275,78;274,7;273,68;272,69;271,75;270,83;269,95;269,11;268,28;267,48;266,73;266,01;265,31;264,66;264,08;263,34;262,98;262,88;262,39;261,87;261,31;260,75;260,23;259,77;259,32;258,9;258,5;258,1;257,76;257,46;257,24;257,07;256,94;256,84;256,78
46;465,36;460,47;455,7;450,98;446,38;441,87;437,45;433,1;428,8;424,56;420,39;416,29;412,26;408,31;404,41;400,59;396,83;393,16;389,56;386,02;382,59;379,25;375,93;372,62;369,37;366,2;363,13;360,11;357,12;354,18;351,29;348,44;345,68;342,98;340,34;337,73;335,19;332,69;330,27;327,9;325,56;323,28;321,08;318,92;316,8;314,72;312,69;310,72;308,78;306,9;304,95;303,31;301,9;300,15;298,44;296,8;295,19;293,62;292,1;290,63;289,2;287,81;286,45;285,12;283,88;282,68;281,5;280,39;279,34;278,33;277,36;276,42;275,51;274,64;273,79;272,96;272,19;271,44;270,72;270,04;269,44;268,68;268,3;268,18;267,67;267,13;266,55;265,96;265,42;264,94;264,46;264,03;263,61;263,19;262,82;262,51;262,27;262,09;261,94;261,82;261,75
47;473,35;468,42;463,6;458,84;454,2;449,65;445,18;440,8;436,46;432,18;427,96;423,82;419,75;415,75;411,81;407,94;404,14;400,43;396,79;393,21;389,74;386,37;383,02;379,67;376,38;373,18;370,07;367,01;363,98;361;358,08;355,2;352,4;349,67;346,99;344,35;341,78;339,25;336,79;334,39;332,02;329,71;327,48;325,28;323,13;321,03;318,97;316,97;315;313,09;311,11;309,45;308;306,23;304,49;302,82;301,18;299,58;298,03;296,53;295,07;293,65;292,27;290,92;289,64;288,42;287,21;286,07;285;283,96;282,97;282;281,07;280,17;279,29;278,44;277,64;276,87;276,12;275,43;274,8;274,01;273,61;273,47;272,94;272,38;271,78;271,17;270,61;270,11;269,61;269,15;268,72;268,28;267,89;267,56;267,3;267,1;266,94;266,81;266,72
48;481,35;476,38;471,51;466,71;462,01;457,42;452,92;448,5;444,12;439,8;435,54;431,34;427,23;423,19;419,21;415,3;411,46;407,71;404,03;400,4;396,89;393,49;390,1;386,72;383,39;380,15;376,99;373,89;370,83;367,82;364,86;361,95;359,11;356,35;353,64;350,97;348,36;345,79;343,3;340,87;338,48;336,14;333,87;331,64;329,46;327,33;325,25;323,21;321,22;319,28;317,27;315,57;314,09;312,3;310,53;308,83;307,16;305,54;303,96;302,43;300,94;299,49;298,08;296,7;295,4;294,15;292,92;291,75;290,66;289,6;288,57;287,58;286,62;285,7;284,79;283,93;283,1;282,3;281,53;280,81;280,15;279,35;278,93;278,77;278,22;277,63;277;276,38;275,8;275,27;274,76;274,28;273,82;273,37;272,96;272,62;272,34;272,12;271,94;271,8;271,7
49;489,35;484,34;479,42;474,59;469,84;465,2;460,66;456,2;451,78;447,42;443,11;438,87;434,71;430,63;426,6;422,65;418,77;414,98;411,26;407,59;404,04;400,6;397,18;393,76;390,4;387,12;383,91;380,77;377,67;374,63;371,63;368,69;365,82;363,02;360,28;357,58;354,94;352,34;349,81;347,34;344,93;342,56;340,26;338;335,78;333,63;331,52;329,45;327,42;325,46;323,42;321,69;320,17;318,36;316,57;314,83;313,14;311,49;309,88;308,32;306,8;305,33;303,89;302,48;301,15;299,87;298,62;297,42;296,31;295,22;294,17;293,16;292,17;291,22;290,29;289,4;288,55;287,73;286,94;286,19;285,51;284,68;284,24;284,07;283,5;282,89;282,23;281,6;281;280,44;279,91;279,41;278,93;278,46;278,04;277,68;277,38;277,14;276,95;276,79;276,68
50;497,37;492,31;487,35;482,47;477,67;472,99;468,41;463,9;459,44;455,04;450,69;446,4;442,19;438,07;434;430;426,09;422,25;418,49;414,77;411,19;407,71;404,26;400,8;397,41;394,08;390,83;387,64;384,5;381,43;378,4;375,43;372,53;369,69;366,92;364,19;361,51;358,88;356,31;353,81;351,37;348,98;346,64;344,35;342,1;339,92;337,78;335,68;333,63;331,63;329,57;327,81;326,25;324,42;322,6;320,83;319,11;317,43;315,8;314,21;312,66;311,15;309,69;308,26;306,9;305,59;304,31;303,09;301,95;300,85;299,77;298,73;297,72;296,74;295,79;294,88;294;293,15;292,34;291,57;290,86;290,02;289,56;289,37;288,77;288,14;287,46;286,81;286,19;285,61;285,05;284,54;284,05;283,56;283,12;282,74;282,43;282,17;281,96;281,79;281,67
51;505,31;500,21;495,2;490,27;485,41;480,69;476,1;471,55;467,03;462,58;458,19;453,87;449,61;445,44;441,33;437,28;433,33;429,46;425,66;421,9;418,28;414,77;411,29;407,78;404,36;400,98;397,67;394,43;391,27;388,16;385,11;382,11;379,16;376,3;373,51;370,76;368,04;365,38;362,78;360,27;357,8;355,34;352,97;350,65;348,39;346,18;344,02;341,89;339,81;337,78;335,68;333,9;332,32;330,44;328,58;326,8;325,06;323,35;321,69;320,07;318,48;316,96;315,47;314,01;312,61;311,28;309,99;308,74;307,57;306,46;305,36;304,27;303,26;302,27;301,28;300,34;299,45;298,57;297,73;296,96;296,23;295,35;294,88;294,69;294,08;293,39;292,69;292,03;291,39;290,8;290,22;289,68;289,17;288,7;288,22;287,82;287,49;287,21;286,99;286,81;286,64
52;513,29;508,14;503,09;498,11;493,19;488,43;483,81;479,22;474,64;470,15;465,73;461,36;457,05;452,84;448,67;444,58;440,59;436,69;432,84;429,04;425,39;421,85;418,34;414,78;411,32;407,88;404,51;401,23;398,03;394,91;391,83;388,8;385,81;382,92;380,11;377,33;374,57;371,88;369,25;366,73;364,23;361,71;359,31;356,96;354,67;352,45;350,25;348,09;345,99;343,93;341,8;339,98;338,38;336,47;334,56;332,77;331;329,26;327,58;325,93;324,31;322,76;321,24;319,76;318,32;316,97;315,66;314,38;313,2;312,06;310,95;309,81;308,81;307,8;306,77;305,8;304,9;304;303,12;302,35;301,6;300,69;300,2;300;299,37;298,64;297,92;297,26;296,58;295,98;295,39;294,82;294,3;293,83;293,33;292,9;292,55;292,25;292,03;291,84;291,63
53;521,34;516,13;511,03;506;501,02;496,22;491,56;486,93;482,29;477,75;473,29;468,88;464,52;460,26;456,05;451,91;447,88;443,94;440,05;436,2;432,52;428,95;425,4;421,79;418,31;414,81;411,38;408,04;404,82;401,66;398,56;395,49;392,46;389,54;386,71;383,9;381,12;378,39;375,73;373,19;370,65;368,08;365,66;363,27;360,97;358,72;356,49;354,3;352,17;350,08;347,91;346,07;344,44;342,49;340,55;338,74;336,94;335,18;333,47;331,79;330,13;328,56;327,02;325,52;324,03;322,66;321,33;320,03;318,82;317,67;316,53;315,36;314,34;313,31;312,26;311,26;310,34;309,42;308,51;307,73;306,96;306,03;305,52;305,31;304,66;303,89;303,16;302,48;301,78;301,16;300,56;299,96;299,42;298,96;298,43;297,98;297,61;297,3;297,07;296,86;296,62
54;529,45;524,19;519,04;513,95;508,92;504,07;499,37;494,68;489,99;485,4;480,9;476,44;472,03;467,73;463,47;459,28;455,21;451,23;447,3;443,41;439,69;436,07;432,49;428,84;425,32;421,76;418,26;414,87;411,62;408,44;405,3;402,2;399,14;396,19;393,33;390,49;387,67;384,9;382,22;379,66;377,09;374,47;372,01;369,6;367,27;364,99;362,73;360,51;358,35;356,24;354,03;352,17;350,5;348,52;346,55;344,71;342,89;341,09;339,36;337,65;335,96;334,36;332,8;331,27;329,75;328,36;327;325,67;324,44;323,27;322,11;320,9;319,87;318,83;317,74;316,72;315,78;314,84;313,9;313,11;312,32;311,36;310,83;310,62;309,95;309,15;308,39;307,7;306,98;306,34;305,73;305,1;304,55;304,08;303,53;303,06;302,68;302,35;302,1;301,89;301,62
55;537,65;532,33;527,12;521,98;516,89;511,99;507,23;502,5;497,76;493,11;488,56;484,05;479,6;475,24;470,93;466,7;462,58;458,56;454,58;450,65;446,89;443,24;439,61;435,92;432,36;428,74;425,18;421,73;418,45;415,23;412,07;408,94;405,83;402,86;399,96;397,09;394,23;391,44;388,72;386,13;383,52;380,87;378,39;375,94;373,58;371,27;368,98;366,73;364,54;362,39;360,16;358,26;356,57;354,55;352,55;350,69;348,83;347,01;345,25;343,51;341,8;340,16;338,57;337,02;335,48;334,06;332,68;331,32;330,06;328,87;327,68;326,45;325,4;324,33;323,23;322,18;321,22;320,25;319,3;318,48;317,67;316,69;316,15;315,91;315,23;314,41;313,63;312,92;312,18;311,52;310,89;310,24;309,68;309,2;308,63;308,14;307,75;307,4;307,14;306,91;306,62
56;545,95;540,56;535,29;530,09;524,95;519,99;515,18;510,39;505,59;500,89;496,28;491,73;487,22;482,81;478,46;474,18;470,01;465,94;461,92;457,94;454,13;450,44;446,77;443,04;439,44;435,77;432,13;428,63;425,32;422,06;418,86;415,69;412,56;409,55;406,62;403,71;400,82;397,99;395,24;392,61;389,97;387,3;384,77;382,29;379,9;377,56;375,24;372,96;370,74;368,56;366,3;364,36;362,64;360,59;358,56;356,67;354,78;352,93;351,14;349,37;347,63;345,97;344,35;342,77;341,21;339,76;338,35;336,97;335,69;334,47;333,26;332,01;330,93;329,83;328,71;327,64;326,65;325,66;324,69;323,85;323,01;322,02;321,46;321,2;320,5;319,67;318,87;318,13;317,38;316,7;316,05;315,39;314,81;314,32;313,73;313,22;312,81;312,45;312,17;311,93;311,64
57;554,37;548,91;543,57;538,31;533,11;528,09;523,21;518,36;513,51;508,75;504,08;499,47;494,92;490,46;486,06;481,73;477,51;473,38;469,31;465,29;461,43;457,7;453,98;450,21;446,57;442,84;439,13;435,57;432,23;428,93;425,69;422,49;419,32;416,27;413,3;410,35;407,43;404,56;401,77;399,1;396,43;393,74;391,18;388,67;386,24;383,86;381,51;379,2;376,94;374,73;372,44;370,48;368,71;366,64;364,58;362,65;360,74;358,86;357,03;355,24;353,48;351,79;350,14;348,54;346,96;345,47;344,03;342,63;341,32;340,07;338,83;337,57;336,45;335,33;334,19;333,1;332,09;331,08;330,08;329,21;328,36;327,34;326,76;326,49;325,76;324,93;324,11;323,35;322,58;321,88;321,21;320,53;319,93;319,42;318,82;318,3;317,88;317,5;317,21;316,94;316,65
58;562,92;557,39;551,97;546,64;541,39;536,31;531,35;526,42;521,52;516,71;511,97;507,3;502,7;498,18;493,73;489,35;485,08;480,89;476,77;472,7;468,79;465,01;461,24;457,43;453,75;449,96;446,19;442,56;439,19;435,84;432,55;429,31;426,12;423,03;420,01;417,02;414,06;411,16;408,34;405,62;402,91;400,21;397,61;395,06;392,59;390,18;387,79;385,45;383,16;380,92;378,6;376,6;374,79;372,7;370,62;368,65;366,7;364,79;362,94;361,12;359,33;357,61;355,93;354,3;352,71;351,19;349,72;348,29;346,96;345,67;344,39;343,13;341,97;340,82;339,67;338,57;337,52;336,49;335,48;334,57;333,7;332,66;332,07;331,77;331,02;330,19;329,35;328,56;327,77;327,05;326,36;325,67;325,06;324,52;323,91;323,38;322,94;322,55;322,23;321,96;321,67
59;571,62;566,01;560,51;555,11;549,8;544,64;539,6;534,6;529,64;524,77;519,96;515,23;510,57;505,99;501,49;497,05;492,72;488,48;484,31;480,18;476,22;472,39;468,57;464,71;460,99;457,13;453,3;449,61;446,2;442,8;439,47;436,19;432,97;429,83;426,76;423,72;420,73;417,79;414,93;412,16;409,42;406,7;404,07;401,48;398,97;396,52;394,1;391,72;389,39;387,12;384,78;382,73;380,89;378,77;376,67;374,66;372,68;370,74;368,85;367;365,2;363,44;361,73;360,07;358,47;356,92;355,4;353,95;352,6;351,27;349,96;348,69;347,49;346,31;345,15;344,03;342,95;341,89;340,87;339,93;339,03;337,99;337,37;337,04;336,27;335,44;334,58;333,76;332,97;332,22;331,51;330,8;330,18;329,62;329;328,45;328;327,6;327,26;326,96;326,69
60;580,49;574,79;569,2;563,72;558,36;553,12;547,98;542,91;537,89;532,94;528,06;523,26;518,54;513,9;509,34;504,85;500,46;496,16;491,92;487,74;483,72;479,83;475,96;472,05;468,28;464,37;460,47;456,72;453,27;449,82;446,43;443,11;439,86;436,67;433,54;430,46;427,43;424,46;421,55;418,72;415,95;413,22;410,55;407,93;405,37;402,87;400,42;398;395,64;393,33;390,97;388,88;387;384,86;382,74;380,68;378,66;376,7;374,77;372,9;371,07;369,28;367,54;365,86;364,24;362,65;361,1;359,63;358,24;356,87;355,53;354,25;353,01;351,8;350,63;349,49;348,38;347,3;346,27;345,28;344,37;343,31;342,67;342,31;341,53;340,7;339,82;338,97;338,16;337,39;336,65;335,94;335,3;334,7;334,08;333,52;333,06;332,65;332,28;331,97;331,71
61;589,4;583,62;577,95;572,39;566,95;561,64;556,43;551,27;546,18;541,16;536,22;531,35;526,57;521,87;517,24;512,69;508,24;503,88;499,58;495,34;491,27;487,33;483,4;479,44;475,61;471,67;467,73;463,94;460,42;456,92;453,48;450,11;446,8;443,56;440,39;437,26;434,19;431,17;428,22;425,34;422,53;419,76;417,05;414,39;411,79;409,26;406,76;404,31;401,9;399,57;397,16;395,05;393,15;390,97;388,82;386,72;384,67;382,67;380,71;378,81;376,95;375,13;373,35;371,64;370;368,38;366,8;365,3;363,88;362,46;361,09;359,79;358,52;357,29;356,1;354,94;353,81;352,71;351,66;350,65;349,71;348,63;347,97;347,6;346,79;345,95;345,05;344,18;343,35;342,56;341,81;341,07;340,41;339,81;339,16;338,6;338,13;337,7;337,32;336,99;336,72
62;598,52;592,65;586,89;581,25;575,73;570,34;565,04;559,8;554,63;549,54;544,52;539,58;534,73;529,96;525,27;520,65;516,14;511,71;507,35;503,04;498,91;494,92;490,93;486,91;483,02;479,04;475,07;471,23;467,65;464,09;460,59;457,16;453,8;450,51;447,28;444,11;440,98;437,91;434,92;432;429,15;426,34;423,58;420,88;418,24;415,66;413,13;410,63;408,19;405,82;403,38;401,23;399,31;397,09;394,91;392,78;390,69;388,66;386,67;384,73;382,84;380,99;379,18;377,44;375,77;374,12;372,51;370,99;369,52;368,05;366,66;365,33;364,04;362,78;361,57;360,39;359,24;358,12;357,04;356,01;355,06;353,96;353,28;352,88;352,06;351,19;350,27;349,38;348,54;347,73;346,96;346,2;345,53;344,91;344,24;343,66;343,19;342,75;342,35;342,01;341,72
63;607,88;601,91;596,05;590,31;584,71;579,23;573,84;568,51;563,25;558,07;552,98;547,96;543,03;538,19;533,42;528,74;524,15;519,65;515,22;510,85;506,66;502,6;498,55;494,47;490,52;486,49;482,48;478,6;474,95;471,32;467,76;464,27;460,85;457,5;454,22;451;447,82;444,7;441,66;438,7;435,8;432,94;430,15;427,4;424,72;422,1;419,52;416,98;414,51;412,1;409,61;407,44;405,49;403,24;401,02;398,86;396,74;394,67;392,64;390,67;388,74;386,86;385,02;383,25;381,55;379,88;378,23;376,69;375,18;373,65;372,23;370,87;369,56;368,28;367,04;365,84;364,67;363,52;362,43;361,38;360,4;359,28;358,58;358,16;357,32;356,44;355,49;354,59;353,72;352,89;352,1;351,32;350,63;350;349,31;348,72;348,24;347,79;347,38;347,02;346,72
64;617,49;611,41;605,45;599,61;593,91;588,33;582,84;577,41;572,06;566,79;561,6;556,51;551,49;546,56;541,72;536,96;532,3;527,72;523,22;518,77;514,51;510,39;506,28;502,12;498,1;494,03;489,98;486,05;482,32;478,63;475;471,45;467,97;464,56;461,22;457,94;454,71;451,54;448,45;445,44;442,49;439,59;436,75;433,96;431,23;428,57;425,94;423,36;420,84;418,4;415,87;413,67;411,69;409,41;407,16;404,95;402,8;400,69;398,63;396,63;394,66;392,75;390,88;389,07;387,34;385,64;383,97;382,4;380,84;379,26;377,8;376,42;375,09;373,78;372,52;371,3;370,1;368,94;367,82;366,75;365,75;364,61;363,89;363,45;362,58;361,68;360,71;359,79;358,9;358,05;357,24;356,44;355,74;355,09;354,38;353,78;353,29;352,81;352,39;352,02;351,7
65;627,37;621,17;615,1;609,15;603,34;597,66;592,06;586,53;581,07;575,69;570,42;565,23;560,12;555,11;550,18;545,33;540,59;535,93;531,34;526,82;522,48;518,3;514,11;509,88;505,78;501,66;497,57;493,58;489,78;486,01;482,32;478,7;475,15;471,68;468,28;464,94;461,65;458,43;455,29;452,22;449,23;446,28;443,39;440,55;437,78;435,07;432,4;429,77;427,21;424,73;422,15;419,92;417,93;415,61;413,31;411,08;408,88;406,74;404,64;402,6;400,6;398,66;396,75;394,91;393,15;391,42;389,72;388,13;386,52;384,87;383,39;381,98;380,62;379,29;378;376,76;375,54;374,35;373,21;372,11;371,09;369,93;369,19;368,73;367,84;366,91;365,93;364,98;364,07;363,2;362,38;361,55;360,83;360,17;359,44;358,82;358,32;357,83;357,39;357,01;356,67
66;637,54;631,22;625,02;618,95;613,03;607,23;601,51;595,86;590,29;584,81;579,43;574,14;568,94;563,82;558,8;553,86;549,03;544,28;539,61;534,99;530,58;526,32;522,05;517,74;513,56;509,39;505,25;501,21;497,32;493,48;489,71;486,02;482,4;478,86;475,4;471,99;468,65;465,37;462,18;459,06;456,01;453,01;450,07;447,18;444,37;441,6;438,88;436,21;433,61;431,08;428,46;426,2;424,19;421,83;419,5;417,22;414,99;412,81;410,67;408,6;406,56;404,58;402,64;400,77;398,97;397,22;395,48;393,87;392,21;390,5;388,98;387,55;386,16;384,8;383,49;382,22;380,98;379,77;378,61;377,49;376,44;375,26;374,5;374,01;373,1;372,15;371,15;370,18;369,25;368,35;367,51;366,66;365,92;365,25;364,49;363,86;363,34;362,84;362,38;361,98;361,63
67;648,03;641,56;635,23;629,02;622,98;617,05;611,21;605,43;599,73;594,14;588,64;583,24;577,94;572,72;567,59;562,56;557,62;552,78;548,02;543,31;538,81;534,47;530,12;525,72;521,46;517,22;513,02;508,92;504,94;501,02;497,18;493,41;489,72;486,11;482,58;479,11;475,7;472,37;469,11;465,94;462,83;459,79;456,79;453,86;450,99;448,18;445,4;442,68;440,04;437,47;434,8;432,51;430,47;428,08;425,71;423,39;421,12;418,9;416,73;414,61;412,54;410,52;408,55;406,64;404,82;403,03;401,26;399,63;397,92;396,14;394,59;393,13;391,71;390,32;388,99;387,7;386,43;385,19;384,01;382,86;381,79;380,59;379,8;379,29;378,36;377,39;376,36;375,37;374,42;373,5;372,64;371,77;371,01;370,32;369,55;368,89;368,35;367,83;367,36;366,95;366,58
68;658,83;652,22;645,73;639,39;633,21;627,14;621,16;615,24;609,41;603,69;598,08;592,56;587,13;581,8;576,57;571,43;566,39;561,44;556,58;551,77;547,18;542,75;538,31;533,82;529,46;525,16;520,9;516,73;512,66;508,66;504,73;500,89;497,12;493,43;489,83;486,29;482,82;479,42;476,11;472,87;469,71;466,61;463,56;460,58;457,66;454,79;451,96;449,19;446,5;443,89;441,17;438,85;436,79;434,36;431,95;429,59;427,28;425,02;422,81;420,66;418,55;416,49;414,48;412,54;410,68;408,86;407,06;405,4;403,64;401,79;400,21;398,72;397,27;395,86;394,49;393,18;391,88;390,62;389,41;388,24;387,15;385,92;385,11;384,57;383,62;382,63;381,58;380,56;379,59;378,65;377,76;376,87;376,09;375,38;374,59;373,92;373,35;372,81;372,33;371,9;371,52
69;669,96;663,19;656,55;650,05;643,72;637,51;631,37;625,31;619,34;613,48;607,73;602,09;596,54;591,09;585,74;580,48;575,32;570,27;565,29;560,38;555,69;551,17;546,63;542,05;537,59;533,21;528,88;524,63;520,47;516,38;512,37;508,44;504,59;500,83;497,15;493,54;490;486,53;483,16;479,86;476,64;473,48;470,38;467,34;464,37;461,44;458,56;455,74;453;450,35;447,58;445,22;443,15;440,67;438,22;435,82;433,47;431,17;428,92;426,72;424,57;422,48;420,44;418,46;416,56;414,71;412,88;411,19;409,38;407,46;405,84;404,32;402,85;401,41;400,01;398,67;397,35;396,06;394,82;393,63;392,51;391,26;390,43;389,86;388,88;387,87;386,8;385,76;384,76;383,8;382,88;381,97;381,17;380,44;379,64;378,94;378,34;377,79;377,29;376,85;376,45
70;681,44;674,49;667,68;661,02;654,53;648,15;641,86;635,63;629,52;623,51;617,62;611,84;606,16;600,58;595,1;589,71;584,44;579,26;574,18;569,15;564,35;559,73;555,09;550,4;545,84;541,37;536,97;532,64;528,37;524,19;520,09;516,08;512,14;508,3;504,54;500,85;497,24;493,71;490,27;486,91;483,63;480,41;477,25;474,15;471,13;468,14;465,21;462,33;459,54;456,84;454,02;451,62;449,53;447,02;444,52;442,08;439,69;437,34;435,05;432,81;430,63;428,5;426,41;424,4;422,47;420,58;418,71;417,01;415,14;413,15;411,49;409,94;408,44;406,97;405,54;404,17;402,82;401,51;400,24;399,02;397,87;396,6;395,74;395,15;394,15;393,11;392,02;390,95;389,93;388,94;388,01;387,07;386,25;385,5;384,68;383,95;383,32;382,75;382,24;381,78;381,37
71;693,68;686,53;679,52;672,66;665,98;659,41;652,92;646,52;640,22;634,04;627,98;622,04;616,2;610,47;604,84;599,31;593,9;588,58;583,36;578,2;573,28;568,55;563,8;558,99;554,31;549,74;545,23;540,8;536,43;532,15;527,95;523,84;519,82;515,88;512,04;508,27;504,59;500,99;497,48;494,05;490,7;487,42;484,19;481,05;477,96;474,91;471,92;468,98;466,14;463,4;460,52;458,09;455,98;453,42;450,88;448,4;445,96;443,57;441,23;438,95;436,73;434,56;432,44;430,38;428,42;426,5;424,6;422,87;420,94;418,85;417,16;415,57;414,04;412,53;411,08;409,67;408,29;406,95;405,65;404,4;403,23;401,93;401,05;400,43;399,4;398,34;397,22;396,13;395,07;394,06;393,1;392,14;391,3;390,52;389,69;388,93;388,23;387,64;387,11;386,63;386,21
72;706,22;698,84;691,62;684,56;677,68;670,91;664,23;657,63;651,15;644,79;638,55;632,44;626,44;620,54;614,76;609,08;603,51;598,06;592,7;587,4;582,35;577,5;572,64;567,7;562,9;558,21;553,6;549,06;544,58;540,19;535,89;531,68;527,57;523,54;519,61;515,75;512;508,33;504,75;501,24;497,83;494,48;491,19;487,99;484,84;481,73;478,68;475,68;472,78;469,99;467,05;464,59;462,46;459,85;457,27;454,75;452,26;449,82;447,43;445,12;442,86;440,65;438,48;436,39;434,4;432,44;430,5;428,75;426,76;424,58;422,84;421,23;419,66;418,12;416,63;415,2;413,78;412,41;411,08;409,8;408,6;407,28;406,36;405,72;404,67;403,58;402,43;401,31;400,23;399,19;398,21;397,22;396,35;395,54;394,71;393,91;393,15;392,53;391,98;391,49;391,05
73;719,03;711,43;703,99;696,72;689,63;682,65;675,76;668,96;662,29;655,73;649,32;643,03;636,85;630,79;624,85;619,01;613,29;607,69;602,18;596,74;591,55;586,59;581,6;576,53;571,6;566,79;562,06;557,41;552,82;548,32;543,92;539,61;535,4;531,27;527,25;523,31;519,47;515,73;512,08;508,5;505,02;501,59;498,24;494,98;491,76;488,59;485,48;482,41;479,46;476,62;473,62;471,12;468,97;466,32;463,7;461,12;458,59;456,1;453,67;451,31;449,01;446,76;444,55;442,42;440,39;438,4;436,41;434,65;432,6;430,33;428,56;426,91;425,3;423,72;422,2;420,74;419,29;417,88;416,52;415,21;413,99;412,63;411,69;411,02;409,94;408,83;407,65;406,5;405,39;404,33;403,32;402,31;401,41;400,58;399,74;398,9;398,08;397,43;396,87;396,36;395,91
74;732,09;724,26;716,6;709,11;701,8;694,61;687,5;680,5;673,62;666,88;660,27;653,8;647,45;641,21;635,1;629,1;623,22;617,46;611,81;606,21;600,89;595,79;590,68;585,47;580,41;575,48;570,63;565,86;561,15;556,55;552,03;547,62;543,31;539,08;534,96;530,93;527,02;523,2;519,46;515,81;512,25;508,76;505,34;502,01;498,73;495,49;492,32;489,19;486,17;483,29;480,23;477,69;475,52;472,82;470,15;467,53;464,94;462,41;459,93;457,52;455,18;452,89;450,64;448,47;446,4;444,38;442,35;440,56;438,45;436,11;434,29;432,61;430,97;429,35;427,8;426,3;424,82;423,37;421,98;420,64;419,39;418;417,04;416,34;415,23;414,09;412,89;411,71;410,57;409,48;408,45;407,41;406,48;405,62;404,78;403,9;403,02;402,35;401,77;401,25;400,78
75;745,4;737,33;729,44;721,72;714,19;706,78;699,45;692,23;685,16;678,21;671,41;664,74;658,21;651,8;645,51;639,34;633,3;627,38;621,57;615,82;610,36;605,13;599,87;594,53;589,34;584,27;579,29;574,4;569,58;564,86;560,23;555,71;551,3;546,97;542,75;538,63;534,63;530,73;526,91;523,18;519,54;515,98;512,49;509,09;505,74;502,43;499,2;496;492,93;489,99;486,87;484,29;482,1;479,36;476,64;473,96;471,33;468,75;466,22;463,77;461,38;459,05;456,76;454,54;452,44;450,37;448,31;446,49;444,33;441,91;440,06;438,33;436,66;435,01;433,42;431,88;430,37;428,89;427,46;426,1;424,82;423,4;422,4;421,68;420,55;419,38;418,14;416,94;415,77;414,65;413,59;412,52;411,57;410,68;409,83;408,92;407,98;407,29;406,69;406,16;405,68
76;758,94;750,63;742,5;734,55;726,79;719,15;711,59;704,16;696,87;689,72;682,72;675,86;669,14;662,54;656,08;649,73;643,52;637,44;631,47;625,57;619,95;614,58;609,19;603,7;598,37;593,17;588,06;583,03;578,09;573,26;568,52;563,89;559,37;554,94;550,62;546,4;542,3;538,32;534,42;530,6;526,89;523,25;519,69;516,22;512,8;509,43;506,12;502,86;499,73;496,74;493,55;490,93;488,72;485,92;483,15;480,43;477,74;475,11;472,53;470,04;467,6;465,23;462,89;460,64;458,49;456,39;454,29;452,44;450,22;447,74;445,85;444,09;442,38;440,7;439,07;437,49;435,94;434,43;432,97;431,57;430,26;428,81;427,79;427,04;425,88;424,68;423,42;422,18;420,98;419,84;418,75;417,66;416,67;415,76;414,9;413,95;412,96;412,26;411,65;411,1;410,6
77;772,7;764,14;755,77;747,58;739,59;731,71;723,93;716,27;708,76;701,4;694,2;687,14;680,22;673,44;666,8;660,27;653,89;647,64;641,5;635,44;629,67;624,15;618,62;612,98;607,51;602,17;596,92;591,76;586,7;581,74;576,89;572,15;567,51;562,98;558,56;554,24;550,05;545,97;541,99;538,09;534,29;530,57;526,94;523,4;519,91;516,47;513,08;509,76;506,57;503,52;500,26;497,6;495,37;492,53;489,7;486,92;484,18;481,5;478,88;476,33;473,85;471,43;469,05;466,76;464,57;462,43;460,29;458,4;456,14;453,6;451,68;449,88;448,13;446,41;444,74;443,13;441,55;440;438,51;437,07;435,73;434,25;433,2;432,43;431,24;430,02;428,71;427,45;426,22;425,05;423,93;422,81;421,8;420,86;419,99;419,01;417,98;417,26;416,63;416,07;415,56
78;786,67;777,86;769,24;760,81;752,58;744,46;736,44;728,55;720,83;713,26;705,84;698,58;691,46;684,49;677,66;670,96;664,39;657,97;651,67;645,44;639,52;633,85;628,16;622,37;616,76;611,27;605,88;600,59;595,4;590,32;585,35;580,49;575,74;571,1;566,58;562,16;557,86;553,69;549,62;545,63;541,75;537,95;534,24;530,62;527,06;523,55;520,09;516,71;513,46;510,34;507,01;504,31;502,06;499,16;496,28;493,44;490,66;487,92;485,25;482,66;480,13;477,66;475,24;472,9;470,66;468,49;466,31;464,38;462,07;459,49;457,53;455,7;453,91;452,16;450,45;448,8;447,18;445,6;444,07;442,6;441,23;439,71;438,63;437,84;436,63;435,37;434,04;432,74;431,49;430,29;429,14;427,99;426,95;425,98;425,1;424,09;423,02;422,29;421,65;421,07;420,55
79;800,85;791,78;782,91;774,22;765,75;757,39;749,14;741,01;733,06;725,27;717,65;710,18;702,86;695,69;688,66;681,78;675,03;668,43;661,96;655,57;649,49;643,66;637,81;631,88;626,11;620,47;614,94;609,51;604,19;598,99;593,9;588,92;584,06;579,31;574,67;570,15;565,75;561,48;557,31;553,24;549,27;545,39;541,6;537,9;534,27;530,68;527,15;523,7;520,38;517,2;513,8;511,06;508,78;505,83;502,89;500;497,16;494,38;491,66;489,01;486,43;483,91;481,45;479,06;476,78;474,57;472,35;470,38;468,04;465,42;463,43;461,55;459,73;457,93;456,19;454,5;452,84;451,23;449,66;448,16;446,76;445,21;444,1;443,28;442,04;440,76;439,39;438,07;436,78;435,55;434,37;433,19;432,13;431,13;430,23;429,2;428,11;427,36;426,71;426,12;425,58
80;815,22;805,89;796,76;787,83;779,11;770,5;762;753,64;745,46;737,45;729,61;721,92;714,4;707,03;699,81;692,74;685,81;679,02;672,38;665,83;659,58;653,58;647,58;641,49;635,57;629,78;624,1;618,53;613,08;607,75;602,53;597,43;592,45;587,59;582,84;578,21;573,7;569,33;565,07;560,91;556,85;552,88;549,01;545,22;541,52;537,86;534,25;530,74;527,36;524,11;520,63;517,85;515,54;512,54;509,54;506,59;503,7;500,86;498,09;495,39;492,76;490,19;487,68;485,25;482,93;480,67;478,41;476,4;474,02;471,38;469,35;467,44;465,57;463,75;461,96;460,23;458,53;456,89;455,29;453,75;452,32;450,73;449,59;448,76;447,49;446,18;444,78;443,42;442,11;440,85;439,64;438,43;437,34;436,32;435,4;434,35;433,24;432,48;431,81;431,21;430,66
81;829,71;820,13;810,76;801,58;792,62;783,77;775,03;766,42;758,02;749,78;741,72;733,83;726,1;718,53;711,12;703,86;696,75;689,78;682,96;676,25;669,82;663,65;657,47;651,22;645,15;639,21;633,38;627,67;622,08;616,62;611,27;606,05;600,95;595,96;591,1;586,36;581,74;577,26;572,9;568,65;564,49;560,43;556,47;552,61;548,82;545,09;541,41;537,84;534,38;531,06;527,52;524,68;522,35;519,29;516,23;513,22;510,27;507,38;504,55;501,8;499,12;496,51;493,95;491,47;489,1;486,8;484,5;482,42;480,03;477,41;475,35;473,39;471,49;469,62;467,79;466,01;464,28;462,6;460,96;459,39;457,92;456,3;455,13;454,27;452,97;451,63;450,2;448,8;447,46;446,17;444,92;443,69;442,57;441,52;440,57;439,52;438,42;437,65;436,98;436,36;435,8
82;844,41;834,58;824,95;815,52;806,31;797,21;788,22;779,38;770,74;762,28;753,99;745,88;737,94;730,17;722,56;715,11;707,81;700,66;693,67;686,78;680,19;673,83;667,47;661,07;654,84;648,74;642,76;636,91;631,18;625,58;620,1;614,75;609,52;604,42;599,44;594,58;589,85;585,26;580,8;576,44;572,19;568,04;563,99;560,04;556,18;552,37;548,63;544,99;541,46;538,07;534,44;531,56;529,2;526,07;522,95;519,88;516,88;513,93;511,05;508,25;505,51;502,85;500,24;497,72;495,3;492,95;490,6;488,47;486,07;483,48;481,38;479,38;477,43;475,52;473,65;471,83;470,06;468,34;466,66;465,06;463,56;461,89;460,7;459,81;458,49;457,11;455,65;454,22;452,85;451,53;450,25;448,99;447,84;446,76;445,78;444,73;443,65;442,88;442,19;441,56;441
83;859,32;849,23;839,34;829,65;820,19;810,84;801,6;792,5;783,62;774,93;766,42;758,09;749,93;741,95;734,14;726,49;719,01;711,67;704,5;697,44;690,66;684,12;677,59;671,02;664,63;658,37;652,25;646,24;640,37;634,64;629,02;623,54;618,19;612,96;607,86;602,88;598,03;593,33;588,76;584,31;579,96;575,71;571,58;567,54;563,59;559,71;555,89;552,18;548,58;545,11;541,41;538,48;536,09;532,9;529,71;526,58;523,52;520,51;517,58;514,72;511,94;509,22;506,57;504;501,52;499,13;496,74;494,55;492,14;489,57;487,44;485,4;483,41;481,46;479,55;477,69;475,88;474,12;472,4;470,76;469,23;467,53;466,3;465,4;464,04;462,64;461,14;459,68;458,27;456,92;455,62;454,33;453,15;452,04;451,03;449,98;448,93;448,15;447,45;446,81;446,24
84;874,46;864,09;853,93;843,98;834,25;824,64;815,14;805,8;796,67;787,74;778,99;770,44;762,07;753,88;745,86;738,01;730,33;722,81;715,45;708,21;701,25;694,52;687,81;681,08;674,53;668,11;661,83;655,68;649,66;643,78;638,03;632,42;626,93;621,58;616,35;611,25;606,29;601,48;596,8;592,24;587,79;583,45;579,22;575,09;571,05;567,09;563,21;559,43;555,75;552,21;548,43;545,44;543,02;539,76;536,51;533,32;530,2;527,13;524,14;521,23;518,4;515,63;512,93;510,31;507,78;505,34;502,91;500,66;498,24;495,7;493,53;491,45;489,42;487,43;485,48;483,58;481,73;479,93;478,18;476,5;474,94;473,2;471,95;471,02;469,64;468,21;466,68;465,18;463,75;462,37;461,03;459,72;458,51;457,37;456,33;455,28;454,26;453,47;452,76;452,12;451,54
85;889,81;879,17;868,73;858,5;848,51;838,63;828,87;819,26;809,89;800,71;791,73;782,95;774,35;765,94;757,71;749,66;741,78;734,06;726,51;719,1;711,96;705,04;698,15;691,25;684,53;677,95;671,51;665,21;659,04;653,02;647,13;641,38;635,77;630,28;624,93;619,71;614,63;609,7;604,91;600,25;595,69;591,25;586,92;582,7;578,58;574,54;570,58;566,73;562,97;559,36;555,49;552,45;549,99;546,67;543,35;540,1;536,91;533,79;530,74;527,78;524,89;522,07;519,32;516,65;514,08;511,58;509,11;506,8;504,38;501,86;499,66;497,54;495,47;493,43;491,44;489,51;487,62;485,78;483,99;482,28;480,69;478,92;477,64;476,69;475,28;473,82;472,26;470,73;469,27;467,86;466,49;465,15;463,91;462,75;461,68;460,63;459,64;458,84;458,13;457,47;456,88
86;905,4;894,46;883,74;873,22;862,96;852,81;842,78;832,91;823,27;813,84;804,62;795,6;786,78;778,15;769,7;761,44;753,36;745,44;737,7;730,1;722,77;715,67;708,61;701,53;694,64;687,9;681,3;674,84;668,52;662,36;656,33;650,44;644,69;639,07;633,59;628,25;623,04;617,99;613,09;608,32;603,66;599,12;594,7;590,38;586,17;582,04;578,01;574,08;570,25;566,55;562,6;559,51;557,01;553,62;550,23;546,91;543,67;540,49;537,38;534,36;531,42;528,55;525,75;523,03;520,4;517,86;515,35;512,97;510,54;508,06;505,82;503,66;501,55;499,47;497,44;495,47;493,54;491,67;489,85;488,11;486,48;484,68;483,37;482,41;480,97;479,48;477,88;476,33;474,83;473,4;472;470,64;469,37;468,19;467,08;466,04;465,08;464,27;463,55;462,88;462,29
87;921,23;909,99;898,96;888,15;877,6;867,18;856,87;846,73;836,83;827,14;817,67;808,41;799,36;790,5;781,84;773,36;765,06;756,95;749,01;741,22;733,71;726,42;719,18;711,93;704,87;697,95;691,19;684,57;678,1;671,79;665,61;659,58;653,7;647,95;642,34;636,87;631,54;626,37;621,36;616,47;611,7;607,06;602,54;598,12;593,82;589,61;585,5;581,49;577,58;573,81;569,77;566,62;564,07;560,62;557,16;553,78;550,46;547,22;544,06;540,99;537,99;535,06;532,22;529,45;526,77;524,18;521,62;519,19;516,75;514,29;512,02;509,82;507,66;505,55;503,48;501,47;499,51;497,6;495,75;493,97;492,32;490,48;489,15;488,17;486,7;485,18;483,56;481,98;480,45;478,99;477,57;476,18;474,89;473,68;472,55;471,51;470,57;469,76;469,02;468,35;467,75
88;937,31;925,75;914,41;903,3;892,46;881,75;871,15;860,73;850,57;840,62;830,89;821,39;812,09;803;794,11;785,41;776,9;768,58;760,44;752,45;744,76;737,29;729,86;722,44;715,2;708,12;701,19;694,41;687,79;681,32;675;668,82;662,8;656,92;651,18;645,57;640,12;634,83;629,7;624,7;619,82;615,07;610,45;605,94;601,53;597,24;593,05;588,97;584,96;581,11;576,99;573,78;571,19;567,66;564,14;560,68;557,31;554;550,78;547,65;544,6;541,62;538,73;535,91;533,18;530,54;527,94;525,44;522,99;520,55;518,25;516,01;513,82;511,66;509,56;507,51;505,51;503,57;501,69;499,88;498,2;496,33;494,97;493,98;492,49;490,94;489,29;487,68;486,13;484,64;483,19;481,78;480,47;479,24;478,07;477,03;476,12;475,3;474,55;473,88;473,27
89;953,64;941,75;930,09;918,67;907,53;896,52;885,63;874,93;864,49;854,27;844,28;834,52;824,99;815,66;806,53;797,61;788,88;780,35;772;763,81;755,93;748,28;740,68;733,07;725,65;718,39;711,3;704,35;697,57;690,95;684,48;678,16;671,99;665,98;660,1;654,37;648,79;643,37;638,12;633,01;628,02;623,16;618,43;613,82;609,32;604,94;600,66;596,5;592,41;588,48;584,27;580,99;578,36;574,76;571,16;567,64;564,2;560,83;557,55;554,36;551,25;548,22;545,28;542,41;539,63;536,94;534,3;531,74;529,28;526,85;524,51;522,24;520,01;517,82;515,68;513,59;511,56;509,59;507,67;505,84;504,13;502,23;500,85;499,84;498,33;496,75;495,08;493,43;491,86;490,35;488,87;487,44;486,1;484,85;483,66;482,62;481,73;480,9;480,15;479,46;478,84
90;970,25;958,02;946,02;934,27;922,81;911,5;900,32;889,33;878,6;868,1;857,84;847,83;838,04;828,47;819,11;809,95;801;792,25;783,69;775,29;767,22;759,4;751,61;743,82;736,22;728,79;721,52;714,41;707,47;700,69;694,07;687,6;681,29;675,13;669,12;663,26;657,55;652,01;646,63;641,4;636,3;631,33;626,49;621,78;617,18;612,71;608,35;604,1;599,92;595,91;591,61;588,27;585,58;581,91;578,24;574,65;571,14;567,71;564,37;561,12;557,96;554,87;551,88;548,96;546,13;543,39;540,7;538,09;535,61;533,19;530,82;528,5;526,24;524,01;521,84;519,72;517,66;515,65;513,71;511,84;510,11;508,18;506,78;505,76;504,22;502,62;500,92;499,25;497,65;496,11;494,62;493,17;491,81;490,53;489,31;488,27;487,4;486,56;485,8;485,1;484,48
91;987,15;974,55;962,2;950,11;938,34;926,71;915,22;903,93;892,91;882,12;871,59;861,31;851,27;841,45;831,84;822,45;813,26;804,29;795,51;786,9;778,64;770,65;762,68;754,7;746,92;739,3;731,86;724,58;717,48;710,54;703,76;697,14;690,69;684,38;678,24;672,24;666,4;660,73;655,23;649,88;644,67;639,58;634,64;629,81;625,12;620,55;616,1;611,76;607,5;603,4;599,02;595,6;592,86;589,12;585,37;581,71;578,13;574,64;571,24;567,93;564,71;561,57;558,53;555,56;552,68;549,89;547,15;544,5;541,99;539,57;537,16;534,81;532,51;530,25;528,04;525,89;523,8;521,76;519,79;517,9;516,14;514,18;512,76;511,73;510,17;508,55;506,82;505,13;503,5;501,94;500,43;498,95;497,57;496,28;495,04;493,99;493,12;492,28;491,51;490,81;490,18
92;1 004,34;991,36;978,65;966,21;954,1;942,16;930,35;918,75;907,43;896,35;885,53;874,98;864,67;854,6;844,74;835,1;825,68;816,48;807,48;798,65;790,19;782,04;773,89;765,71;757,74;749,95;742,32;734,88;727,6;720,5;713,57;706,8;700,19;693,74;687,45;681,32;675,35;669,55;663,92;658,45;653,12;647,92;642,86;637,93;633,13;628,48;623,93;619,5;615,15;610,97;606,49;603;600,21;596,39;592,57;588,84;585,19;581,63;578,16;574,8;571,52;568,33;565,23;562,21;559,28;556,44;553,66;550,95;548,42;545,99;543,55;541,16;538,83;536,53;534,29;532,11;529,99;527,92;525,92;524,01;522,22;520,23;518,8;517,76;516,18;514,53;512,78;511,06;509,42;507,84;506,3;504,81;503,41;502,09;500,83;499,78;498,92;498,06;497,28;496,57;495,93
93;1 021,85;1 008,48;995,39;982,58;970,13;957,85;945,71;933,8;922,17;910,79;899,67;888,84;878,27;867,93;857,81;847,92;838,26;828,82;819,6;810,54;801,89;793,56;785,24;776,86;768,7;760,72;752,92;745,29;737,85;730,58;723,49;716,56;709,8;703,21;696,78;690,5;684,4;678,47;672,72;667,12;661,67;656,35;651,18;646,14;641,23;636,48;631,84;627,32;622,87;618,61;614,03;610,47;607,62;603,72;599,83;596,02;592,3;588,67;585,15;581,72;578,38;575,14;571,99;568,92;565,94;563,05;560,23;557,47;554,9;552,46;549,98;547,56;545,19;542,86;540,6;538,38;536,23;534,14;532,11;530,17;528,36;526,35;524,9;523,85;522,24;520,58;518,8;517,06;515,39;513,79;512,24;510,73;509,31;507,98;506,7;505,64;504,77;503,91;503,11;502,4;501,75
94;1 039,70;1 025,90;1 012,42;999,23;986,42;973,8;961,33;949,09;937,14;925,45;914,03;902,91;892,06;881,45;871,07;860,92;851,01;841,33;831,87;822,58;813,73;805,24;796,74;788,15;779,8;771,63;763,64;755,84;748,22;740,79;733,53;726,44;719,53;712,78;706,21;699,8;693,55;687,49;681,61;675,88;670,31;664,88;659,59;654,44;649,42;644,57;639,83;635,21;630,67;626,32;621,65;618,01;615,1;611,13;607,15;603,27;599,48;595,79;592,2;588,71;585,31;582,01;578,81;575,69;572,66;569,72;566,85;564,05;561,45;558,97;556,46;554,01;551,6;549,25;546,95;544,71;542,53;540,41;538,36;536,39;534,55;532,52;531,06;530;528,37;526,68;524,89;523,13;521,44;519,82;518,24;516,72;515,28;513,93;512,63;511,56;510,69;509,81;509,01;508,28;507,63
95;1 057,89;1 043,66;1 029,76;1 016,19;1 003,01;990,03;977,21;964,64;952,36;940,34;928,62;917,2;906,06;895,18;884,52;874,1;863,94;854,01;844,31;834,78;825,73;817,08;808,4;799,6;791,05;782,69;774,51;766,53;758,73;751,13;743,7;736,45;729,38;722,48;715,76;709,2;702,82;696,62;690,61;684,75;679,06;673,5;668,09;662,83;657,7;652,75;647,91;643,19;638,55;634,11;629,35;625,63;622,66;618,6;614,55;610,6;606,73;602,97;599,32;595,76;592,31;588,95;585,69;582,52;579,44;576,45;573,54;570,69;568,05;565,54;562,99;560,5;558,07;555,68;553,36;551,09;548,88;546,73;544,66;542,67;540,81;538,75;537,28;536,21;534,57;532,86;531,04;529,26;527,55;525,91;524,31;522,77;521,32;519,95;518,64;517,55;516,67;515,78;514,97;514,23;513,57
96;1 076,45;1 061,78;1 047,44;1 033,46;1 019,90;1 006,55;993,38;980,45;967,83;955,49;943,44;931,72;920,29;909,12;898,18;887,49;877,06;866,88;856,93;847,15;837,9;829,08;820,22;811,21;802,45;793,9;785,53;777,36;769,38;761,6;754;746,59;739,35;732,3;725,43;718,73;712,2;705,87;699,72;693,73;687,91;682,23;676,7;671,32;666,08;661,02;656,08;651,25;646,52;641,99;637,13;633,33;630,3;626,16;622,03;618;614,05;610,22;606,51;602,89;599,37;595,96;592,65;589,43;586,29;583,26;580,29;577,4;574,72;572,16;569,58;567,06;564,59;562,18;559,82;557,52;555,29;553,12;551,02;549,01;547,13;545,05;543,56;542,48;540,82;539,09;537,25;535,45;533,73;532,07;530,46;528,9;527,43;526,04;524,72;523,62;522,71;521,81;520,99;520,24;519,57
97;1 095,41;1 080,26;1 065,48;1 051,08;1 037,11;1 023,38;1 009,84;996,56;983,59;970,9;958,52;946,49;934,75;923,29;912,07;901,09;890,38;879,94;869,74;859,7;850,25;841,27;832,22;822,99;814,03;805,27;796,7;788,35;780,18;772,22;764,45;756,86;749,46;742,25;735,23;728,38;721,71;715,24;708,94;702,82;696,88;691,07;685,42;679,91;674,57;669,39;664,35;659,41;654,58;649,96;645,01;641,12;638,02;633,8;629,59;625,48;621,46;617,55;613,77;610,09;606,51;603,04;599,68;596,4;593,22;590,13;587,12;584,19;581,46;578,85;576,23;573,68;571,18;568,74;566,35;564,02;561,77;559,57;557,45;555,42;553,51;551,41;549,91;548,82;547,15;545,4;543,54;541,72;539,97;538,29;536,67;535,09;533,61;532,21;530,87;529,75;528,81;527,9;527,06;526,31;525,63
98;1 114,78;1 099,14;1 083,90;1 069,05;1 054,68;1 040,55;1 026,63;1 012,98;999,64;986,6;973,88;961,52;949,47;937,71;926,18;914,91;903,93;893,22;882,75;872,45;862,79;853,64;844,41;834,95;825,77;816,81;808,04;799,49;791,14;782,99;775,04;767,28;759,72;752,34;745,16;738,15;731,34;724,73;718,29;712,03;705,96;700,02;694,25;688,62;683,16;677,87;672,72;667,67;662,74;658,03;652,97;649;645,83;641,53;637,23;633,04;628,95;624,97;621,13;617,38;613,74;610,21;606,79;603,46;600,22;597,09;594,03;591,05;588,27;585,6;582,95;580,36;577,83;575,36;572,95;570,59;568,31;566,09;563,95;561,89;559,96;557,84;556,33;555,23;553,54;551,77;549,89;548,05;546,28;544,59;542,94;541,35;539,85;538,44;537,09;535,95;534,98;534,05;533,2;532,44;531,75
99;1 134,59;1 118,44;1 102,72;1 087,42;1 072,61;1 058,08;1 043,76;1 029,72;1 016,01;1 002,60;989,52;976,83;964,47;952,38;940,55;928,98;917,71;906,72;895,98;885,41;875,53;866,21;856,8;847,1;837,71;828,53;819,56;810,81;802,26;793,92;785,79;777,85;770,12;762,57;755,23;748,07;741,11;734,35;727,77;721,37;715,16;709,1;703,19;697,44;691,86;686,46;681,2;676,04;671;666,2;661,04;656,98;653,74;649,35;644,97;640,7;636,53;632,48;628,57;624,75;621,05;617,46;613,98;610,59;607,31;604,12;601,01;598;595,16;592,43;589,74;587,11;584,55;582,05;579,61;577,23;574,92;572,68;570,51;568,43;566,48;564,34;562,82;561,71;560;558,21;556,3;554,45;552,66;550,95;549,29;547,68;546,17;544,73;543,38;542,21;541,21;540,26;539,4;538,62;537,93
100;1 154,87;1 138,19;1 121,96;1 106,19;1 090,94;1 075,98;1 061,25;1 046,82;1 032,72;1 018,92;1 005,48;992,44;979,75;967,34;955,19;943,31;931,74;920,46;909,45;898,59;888,49;879;869,39;859,46;849,84;840,45;831,26;822,3;813,56;805,03;796,7;788,59;780,67;772,96;765,45;758,13;751,02;744,11;737,38;730,84;724,5;718,3;712,26;706,38;700,68;695,17;689,79;684,52;679,37;674,48;669,21;665,07;661,76;657,28;652,81;648,46;644,21;640,08;636,1;632,22;628,45;624,8;621,26;617,82;614,48;611,24;608,08;605,04;602,14;599,33;596,6;593,94;591,35;588,82;586,35;583,94;581,6;579,34;577,15;575,05;573,07;570,91;569,37;568,26;566,53;564,72;562,79;560,92;559,11;557,38;555,7;554,08;552,55;551,1;549,73;548,54;547,49;546,53;545,65;544,87;544,16
101;1 175,65;1 158,42;1 141,67;1 125,40;1 109,69;1 094,29;1 079,13;1 064,29;1 049,79;1 035,60;1 021,78;1 008,38;995,34;982,6;970,12;957,92;946,04;934,47;923,17;912,02;901,7;892,03;882,21;872,04;862,19;852,57;843,16;833,99;825,04;816,31;807,8;799,49;791,4;783,51;775,83;768,35;761,08;754,01;747,14;740,45;733,97;727,63;721,46;715,45;709,63;704;698,5;693,11;687,86;682,87;677,49;673,26;669,88;665,31;660,76;656,32;651,99;647,79;643,74;639,79;635,95;632,24;628,64;625,14;621,75;618,46;615,24;612,16;609,2;606,32;603,55;600,85;598,23;595,67;593,17;590,73;588,36;586,08;583,87;581,74;579,74;577,55;576;574,88;573,13;571,29;569,35;567,45;565,63;563,88;562,18;560,54;558,99;557,52;556,15;554,92;553,83;552,85;551,96;551,16;550,45
102;1 196,95;1 179,15;1 161,86;1 145,09;1 128,90;1 113,04;1 097,44;1 082,17;1 067,24;1 052,65;1 038,43;1 024,66;1 011,27;998,18;985,36;972,82;960,63;948,75;937,16;925,72;915,15;905,29;895,27;884,84;874,76;864,9;855,28;845,89;836,72;827,79;819,07;810,58;802,3;794,23;786,38;778,73;771,29;764,07;757,04;750,2;743,58;737,11;730,8;724,66;718,71;712,96;707,34;701,83;696,47;691,38;685,89;681,57;678,12;673,46;668,82;664,3;659,88;655,61;651,48;647,46;643,56;639,78;636,12;632,56;629,11;625,77;622,5;619,38;616,36;613,4;610,59;607,85;605,2;602,61;600,07;597,6;595,21;592,9;590,66;588,51;586,48;584,27;582,71;581,57;579,8;577,94;575,97;574,05;572,21;570,43;568,72;567,06;565,49;564;562,62;561,36;560,23;559,23;558,33;557,52;556,78
103;1 218,81;1 200,41;1 182,57;1 165,27;1 148,58;1 132,25;1 116,19;1 100,47;1 085,11;1 070,09;1 055,47;1 041,32;1 027,55;1 014,11;1 000,93;988,06;975,53;963,34;951,44;939,69;928,88;918,82;908,58;897,9;887,56;877,47;867,61;858;848,62;839,47;830,55;821,85;813,38;805,13;797,1;789,27;781,67;774,29;767,1;760,11;753,35;746,73;740,29;734,01;727,93;722,06;716,31;710,68;705,21;700,02;694,42;690,01;686,49;681,73;677;672,39;667,89;663,54;659,34;655,25;651,28;647,44;643,71;640,09;636,58;633,19;629,86;626,69;623,62;620,58;617,72;614,95;612,26;609,63;607,07;604,56;602,14;599,8;597,54;595,36;593,3;591,06;589,48;588,33;586,54;584,66;582,66;580,72;578,85;577,05;575,31;573,63;572,05;570,54;569,15;567,86;566,69;565,66;564,74;563,92;563,17
104;1 241,25;1 222,26;1 203,83;1 185,99;1 168,79;1 151,96;1 135,42;1 119,24;1 103,43;1 087,96;1 072,92;1 058,37;1 044,22;1 030,41;1 016,87;1 003,64;990,78;978,26;966,04;953,98;942,9;932,63;922,17;911,21;900,62;890,29;880,18;870,34;860,73;851,36;842,23;833,33;824,66;816,22;808;800;792,22;784,67;777,32;770,17;763,27;756,51;749,92;743,5;737,3;731,3;725,43;719,67;714,08;708,79;703,08;698,58;694,98;690,13;685,3;680,61;676,03;671,6;667,32;663,16;659,12;655,21;651,41;647,73;644,16;640,71;637,32;634,12;630,98;627,87;624,96;622,15;619,42;616,76;614,16;611,62;609,16;606,79;604,5;602,29;600,21;597,94;596,34;595,17;593,35;591,44;589,42;587,45;585,56;583,74;581,97;580,27;578,66;577,13;575,72;574,4;573,19;572,15;571,21;570,36;569,6
105;1 264,33;1 244,70;1 225,69;1 207,27;1 189,54;1 172,20;1 155,16;1 138,50;1 122,22;1 106,30;1 090,81;1 075,85;1 061,31;1 047,10;1 033,19;1 019,59;1 006,38;993,52;980,98;968,59;957,25;946,75;936,04;924,81;913,96;903,36;893,01;882,92;873,08;863,49;854,14;845,03;836,16;827,51;819,1;810,92;802,96;795,23;787,71;780,41;773,35;766,44;759,71;753,16;746,81;740,69;734,69;728,81;723,11;717,71;711,88;707,28;703,62;698,67;693,75;688,97;684,3;679,79;675,44;671,2;667,09;663,11;659,24;655,49;651,86;648,35;644,9;641,65;638,45;635,27;632,32;629,47;626,69;623,99;621,35;618,77;616,28;613,88;611,56;609,31;607,2;604,89;603,27;602,08;600,23;598,3;596,24;594,25;592,32;590,47;588,68;586,95;585,32;583,77;582,34;580,99;579,74;578,67;577,72;576,86;576,08
106;1 288,07;1 267,80;1 248,17;1 229,17;1 210,89;1 193,02;1 175,45;1 158,28;1 141,51;1 125,12;1 109,18;1 093,78;1 078,83;1 064,23;1 049,92;1 035,94;1 022,37;1 009,16;996,28;983,56;971,93;961,18;950,21;938,7;927,58;916,72;906,1;895,76;885,68;875,86;866,28;856,95;847,87;839,02;830,41;822,03;813,89;805,98;798,29;790,82;783,61;776,55;769,68;762,97;756,49;750,24;744,11;738,1;732,28;726,78;720,82;716,14;712,41;707,36;702,34;697,47;692,72;688,12;683,69;679,37;675,19;671,13;667,19;663,38;659,68;656,11;652,6;649,29;646,04;642,8;639,8;636,9;634,08;631,34;628,66;626,04;623,51;621,07;618,7;616,42;614,27;611,93;610,28;609,07;607,19;605,22;603,13;601,11;599,15;597,27;595,45;593,69;592,02;590,45;588,99;587,62;586,34;585,25;584,27;583,39;582,6
107;1 312,51;1 291,58;1 271,32;1 251,71;1 232,86;1 214,43;1 196,33;1 178,63;1 161,36;1 144,46;1 128,05;1 112,21;1 096,83;1 081,81;1 067,09;1 052,73;1 038,78;1 025,21;1 011,98;998,92;986,98;975,96;964,72;952,91;941,51;930,37;919,48;908,88;898,55;888,48;878,68;869,12;859,81;850,76;841,94;833,36;825,02;816,93;809,06;801,42;794,05;786,84;779,81;772,96;766,34;759,95;753,7;747,56;741,62;736;729,92;725,16;721,37;716,21;711,08;706,12;701,28;696,6;692,09;687,7;683,44;679,31;675,29;671,4;667,64;663,99;660,42;657,05;653,76;650,47;647,42;644,46;641,6;638,8;636,07;633,41;630,83;628,35;625,95;623,63;621,44;619,06;617,37;616,13;614,22;612,21;610,09;608,02;606,03;604,11;602,26;600,46;598,76;597,16;595,68;594,27;592,97;591,86;590,87;589,96;589,15
108;1 337,70;1 316,10;1 295,18;1 274,95;1 255,51;1 236,50;1 217,83;1 199,59;1 181,78;1 164,37;1 147,46;1 131,16;1 115,33;1 099,88;1 084,75;1 069,97;1 055,63;1 041,69;1 028,10;1 014,68;1 002,43;991,11;979,57;967,46;955,76;944,34;933,17;922,3;911,7;901,38;891,33;881,54;872,01;862,73;853,7;844,91;836,37;828,08;820,02;812,22;804,69;797,31;790,13;783,14;776,37;769,84;763,46;757,2;751,13;745,4;739,19;734,34;730,48;725,22;719,99;714,93;710,01;705,25;700,65;696,18;691,84;687,62;683,53;679,56;675,73;672,02;668,37;664,93;661,6;658,29;655,18;652,17;649,24;646,4;643,62;640,9;638,28;635,75;633,3;630,93;628,7;626,27;624,54;623,27;621,32;619,27;617,1;614,99;612,96;611;609,11;607,27;605,54;603,9;602,38;600,95;599,65;598,51;597,49;596,57;595,73
109;1 363,68;1 341,39;1 319,81;1 298,93;1 278,87;1 259,26;1 240,00;1 221,18;1 202,82;1 184,88;1 167,46;1 150,67;1 134,38;1 118,48;1 102,91;1 087,71;1 072,97;1 058,64;1 044,67;1 030,90;1 018,30;1 006,66;994,79;982,37;970,37;958,64;947,18;936,02;925,16;914,57;904,27;894,23;884,47;874,96;865,71;856,7;847,94;839,45;831,2;823,22;815,53;807,98;800,65;793,5;786,58;779,92;773,41;767,02;760,83;754,97;748,63;743,69;739,78;734,41;729,07;723,92;718,91;714,06;709,37;704,82;700,4;696,1;691,92;687,88;683,96;680,18;676,46;672,95;669,58;666,26;663,1;660,02;657,03;654,13;651,29;648,52;645,84;643,26;640,75;638,33;636,06;633,57;631,79;630,48;628,48;626,39;624,17;622,02;619,93;617,93;615,99;614,11;612,33;610,66;609,09;607,65;606,35;605,2;604,15;603,2;602,34
110;1 390,50;1 367,50;1 345,24;1 323,69;1 303,00;1 282,76;1 262,88;1 243,46;1 224,52;1 206,03;1 188,08;1 170,78;1 154,00;1 137,64;1 121,61;1 105,98;1 090,82;1 076,09;1 061,73;1 047,59;1 034,63;1 022,62;1 010,40;997,66;985,35;973,3;961,53;950,08;938,93;928,07;917,5;907,22;897,2;887,46;877,98;868,74;859,75;851,04;842,59;834,44;826,57;818,86;811,36;804,06;796,99;790,19;783,56;777,04;770,71;764,73;758,26;753,24;749,27;743,78;738,34;733,09;727,99;723,05;718,27;713,64;709,14;704,75;700,48;696,35;692,35;688,49;684,7;681,09;677,71;674,41;671,18;668,04;664,98;662;659,1;656,27;653,53;650,88;648,32;645,84;643,51;640,96;639,13;637,77;635,72;633,58;631,3;629,09;626,95;624,9;622,91;620,98;619,15;617,43;615,8;614,35;613,08;611,91;610,83;609,86;608,97
